id,total_firms,total_error,paid_firms,paid_error,unpaid_firms,unpaid_error
1,769870,0.2,190604,0.4,579266,0.3
2,42056,1.2,4058,6.1,37997,1.2
3,5335,4.5,1168,8.1,4167,5.8
4,47276,1.4,7484,2.8,39792,1.9
5,1152,7.9,107,27.4,1046,7.6
6,2236,13.2,276,21.2,1960,13.3
7,920742,0.2,212378,0.4,708363,0.2
8,39772,2.0,20379,2.3,19393,3.4
9,155415,1.1,28392,2.8,127024,1.5
10,540875,0.3,141798,0.8,399077,0.5
11,65727,1.3,18779,2.8,46948,1.2
12,920742,0.2,212378,0.4,708363,0.2
13,39772,2.0,20379,2.3,19393,3.4
14,55392,1.6,8529,3.3,46863,1.6
15,23547,2.2,2428,5.3,21119,2.2
16,29323,2.0,5255,4.6,24068,2.5
17,2522,11.1,846,8.0,1677,14.6
18,42342,1.3,6991,4.5,35350,1.4
19,1576,13.1,235,22.0,1341,13.6
20,855,13.2,57,57.1,799,14.5
21,864,17.0,143,28.9,721,20.8
22,73,19.1,19,69.6,54,15.3
23,12196,2.6,1484,9.4,10712,3.1
24,25045,2.6,3883,5.4,21162,2.6
25,10840,2.3,1236,7.1,9604,2.4
26,13102,3.4,2331,7.8,10771,4.3
27,1103,16.8,316,13.7,788,22.3
28,4703,4.6,488,12.3,4215,5.1
29,2217,7.3,156,20.9,2061,6.7
30,2470,11.7,327,20.5,2143,12.6
31,16,82.0,5,119.4,11,109.9
32,6929,6.8,1550,8.5,5379,7.0
33,2478,8.3,399,21.6,2080,8.3
34,3931,9.3,967,11.0,2963,10.3
35,520,29.3,184,27.3,336,43.1
36,18335,2.9,2483,5.0,15853,2.9
37,7983,4.9,609,12.4,7374,5.0
38,9771,5.0,1618,6.7,8154,5.9
39,581,19.3,256,16.8,325,35.4
40,3450,7.2,993,15.0,2457,7.0
41,69,60.5,55,57.2,14,109.0
42,830,20.5,200,34.5,630,23.4
43,2551,8.9,739,11.0,1812,11.8
44,2525,12.1,769,20.1,1756,13.4
45,17,71.4,2,93.9,15,79.2
46,9,115.8,0,0.0,9,110.4
47,7,74.4,7,77.4,0,0.0
48,1,0.0,1,0.0,0,0.0
49,1,0.0,0,0.0,1,0.0
50,861899,0.2,202856,0.4,659043,0.3
51,194147,1.0,31772,2.2,162374,1.2
52,594775,0.3,150825,0.6,443951,0.5
53,72977,1.2,20259,2.6,52718,1.5
54,4838,12.9,476,17.0,4362,12.4
55,16207,4.8,1772,9.2,14435,5.7
56,16595,3.5,1774,8.3,14821,3.6
57,7,74.6,3,104.6,4,106.1
58,3,106.2,0,0.0,3,101.2
59,113,61.8,7,75.4,107,63.7
60,5,90.3,0,0.0,5,86.1
61,0,0.0,0,0.0,0,0.0
62,2415213,0.2,240708,0.3,2174504,0.2
63,653545,0.5,54832,1.7,598714,0.4
64,1313072,0.3,142306,0.8,1170766,0.4
65,448595,1.1,43571,2.3,405024,1.2
66,2174295,0.2,224570,0.3,1949724,0.2
67,75316,1.1,2779,4.5,72537,1.1
68,9680,4.5,855,12.5,8825,4.6
69,147826,1.1,11841,4.1,135984,1.0
70,2377,6.7,164,25.9,2213,6.7
71,5261,4.9,286,23.4,4975,4.3
72,2579737,0.2,253009,0.3,2326728,0.2
73,101205,2.7,17939,1.9,83266,3.2
74,42543,2.9,4062,2.9,38480,3.1
75,1440,14.0,127,51.7,1313,15.6
76,10458,9.6,813,9.6,9645,9.6
77,30644,3.1,3122,3.5,27523,3.5
78,2154114,0.2,223036,0.3,1931078,0.2
79,560582,0.5,50002,1.9,510580,0.5
80,1199323,0.4,133731,0.8,1065592,0.4
81,394208,1.3,39303,2.4,354905,1.3
82,2680942,0.1,270948,0.2,2409994,0.1
83,711762,0.5,57580,2.0,654182,0.5
84,1387423,0.3,148656,0.9,1238767,0.3
85,480552,1.0,46773,2.1,433779,1.1
86,2306033,0.2,234636,0.2,2071398,0.2
87,613323,0.5,52840,2.2,560483,0.5
88,1267987,0.3,139625,0.9,1128362,0.3
89,424723,1.1,42170,2.1,382553,1.2
90,2579737,0.2,253009,0.3,2326728,0.2
91,101205,2.7,17939,1.9,83266,3.2
92,2579737,0.2,253009,0.3,2326728,0.2
93,101205,2.7,17939,1.9,83266,3.2
94,78011,1.1,2812,4.4,75199,1.0
95,38825,2.0,922,12.4,37903,1.8
96,32402,1.6,1582,8.8,30820,1.7
97,6784,4.6,307,19.3,6477,5.0
98,142696,1.0,9995,3.5,132701,1.1
99,57432,2.2,2690,9.9,54742,1.8
100,69513,2.0,5874,5.8,63639,1.9
101,15751,3.7,1430,9.1,14320,4.0
102,10925,5.2,873,12.2,10051,5.3
103,5446,7.8,351,20.9,5095,7.1
104,5215,7.6,505,14.4,4710,8.2
105,263,28.1,18,48.4,246,27.8
106,149452,1.1,11975,4.0,137476,1.1
107,115144,1.5,8292,4.7,106853,1.6
108,2688,11.6,30,31.8,2658,11.1
109,1242,16.4,18,37.2,1223,15.5
110,1513,14.5,128,40.0,1385,14.0
111,409,25.8,3,67.5,405,24.8
112,26421,2.4,1644,10.0,24777,2.5
113,58532,2.0,3570,8.6,54962,1.6
114,24914,3.9,942,9.3,23972,4.0
115,29192,3.3,2164,11.0,27028,2.8
116,4426,7.7,464,12.9,3961,8.4
117,50365,2.8,3396,7.8,46969,2.7
118,69070,2.0,6094,6.9,62976,1.7
119,30017,3.8,2486,7.0,27531,3.9
120,30838,2.5,2047,12.6,28791,2.1
121,5828,7.6,416,20.7,5412,7.4
122,17853,5.7,1226,16.3,16627,5.2
123,7157,6.1,405,22.3,6752,6.5
124,10216,2.9,751,7.0,9465,2.9
125,4845,5.5,272,17.8,4574,5.1
126,5171,6.4,473,13.7,4699,6.2
127,199,45.8,6,80.9,193,45.9
128,57960,2.1,5387,7.5,52573,1.9
129,22119,4.3,1821,10.4,20298,4.4
130,23666,4.1,2335,12.7,21331,3.5
131,12175,5.4,1231,7.7,10944,5.6
132,18524,2.9,1946,14.3,16578,2.9
133,6530,7.6,537,25.9,5993,7.1
134,9714,6.8,1178,14.1,8536,7.0
135,2280,12.8,231,38.9,2049,12.9
136,52727,1.9,3458,5.7,49269,2.2
137,12604,4.1,606,12.4,11998,4.1
138,5517,5.9,195,24.2,5322,6.0
139,5015,6.5,325,26.3,4691,7.5
140,2072,11.8,87,42.1,1985,11.5
141,11190,6.6,938,12.2,10252,6.9
142,21001,3.2,940,13.8,20061,3.1
143,24884,3.7,1985,12.0,22899,3.7
144,6842,5.8,533,20.3,6309,5.2
145,21829,2.1,2306,8.6,19522,2.7
146,784,17.9,58,50.3,726,18.2
147,4814,10.1,206,28.8,4609,9.9
148,5339,9.1,606,16.0,4733,10.0
149,1037,25.8,126,34.9,911,25.9
150,14760,4.1,1898,8.1,12862,4.7
151,5882,9.8,496,21.9,5386,10.3
152,6712,7.4,1095,13.4,5617,8.5
153,2166,12.6,306,17.9,1859,13.3
154,13225,4.4,590,18.6,12634,4.5
155,4876,3.8,249,40.7,4627,3.9
156,5841,6.4,180,24.0,5660,6.3
157,2508,14.6,161,23.8,2347,15.0
158,10006,8.8,530,17.8,9476,9.1
159,2539,15.1,69,59.1,2470,14.4
160,5588,8.9,379,18.3,5209,9.4
161,1879,16.0,82,40.2,1797,16.4
162,2791,7.6,168,25.2,2623,7.6
163,1200,11.3,64,40.5,1136,11.0
164,1353,12.1,75,50.9,1278,11.3
165,238,42.5,28,79.0,210,39.2
166,1556,10.9,124,28.3,1432,10.9
167,699,20.7,50,52.8,650,20.1
168,724,10.0,46,44.3,678,10.8
169,133,46.4,28,79.0,105,47.3
170,502,41.0,14,48.0,487,40.5
171,257,42.6,8,77.9,249,42.1
172,240,45.1,6,57.0,234,44.2
173,4,111.6,0,0.0,4,106.4
174,284,32.4,23,89.6,261,27.8
175,122,32.2,5,67.9,117,30.9
176,132,71.8,18,114.8,113,62.8
177,30,125.5,0,0.0,30,119.7
178,640,14.2,6,60.8,634,13.7
179,272,15.8,1,0.0,271,15.2
180,297,16.9,5,72.2,291,16.4
181,71,69.7,0,0.0,71,66.5
182,31682,2.2,1930,7.4,29753,2.3
183,13283,2.5,468,19.1,12815,2.6
184,16188,3.3,1190,8.7,14998,3.3
185,2212,10.9,272,24.6,1940,11.0
186,383081,0.7,25911,2.8,357170,0.7
187,149739,1.9,7450,6.2,142289,1.7
188,177642,1.3,14112,4.9,163530,1.1
189,55700,2.7,4349,4.8,51351,2.7
190,156391,1.0,31820,2.1,124571,1.2
191,18219,5.0,5708,3.9,12511,6.2
192,76781,1.8,23656,2.3,53125,2.3
193,22026,2.3,5850,2.6,16176,3.1
194,47518,2.2,14408,2.9,33110,2.8
195,7237,6.8,3397,6.2,3839,11.2
196,118694,1.1,8451,3.0,110243,1.0
197,150124,1.5,19380,3.1,130744,1.5
198,9248,5.4,1751,5.8,7498,5.8
199,215487,0.8,25883,2.2,189604,0.9
200,9770,5.9,606,11.1,9164,5.9
201,4879,5.5,339,24.1,4540,5.7
202,84208,2.0,12722,3.6,71485,2.1
203,32237,2.5,3771,7.1,28466,2.9
204,46389,3.1,7893,5.2,38496,3.3
205,5582,7.8,1059,7.9,4523,9.4
206,3931,9.6,438,20.2,3493,9.4
207,762,13.3,30,37.2,732,13.1
208,56988,1.8,3283,6.6,53706,1.6
209,117623,1.2,11643,4.0,105980,1.0
210,50301,1.8,3117,7.0,47184,1.7
211,64001,2.4,7890,4.1,56111,2.4
212,3322,11.5,637,16.1,2685,11.3
213,26648,3.2,2606,5.3,24042,3.6
214,30944,2.7,2573,5.1,28371,2.6
215,14169,2.4,836,14.4,13333,2.9
216,15475,3.1,1438,10.4,14037,2.5
217,1299,19.1,299,24.0,1000,19.1
218,24706,2.6,3633,4.6,21073,3.0
219,10761,3.4,912,3.8,9850,3.4
220,11880,3.7,1110,7.3,10770,4.0
221,14548,3.4,1418,5.7,13130,3.7
222,220,39.1,78,27.6,142,52.5
223,31661,2.5,5045,5.7,26616,2.6
224,12161,3.2,1369,8.6,10792,3.3
225,18438,2.7,3530,8.7,14908,3.1
226,1062,16.4,147,32.2,916,17.8
227,13548,4.3,2605,4.9,10943,5.4
228,397,31.9,117,42.0,281,41.1
229,25469,3.2,4460,6.1,21008,2.8
230,10893,3.8,1211,16.3,9681,2.9
231,13550,4.1,2928,7.0,10622,4.1
232,1026,21.0,321,18.8,705,26.6
233,99817,1.7,9855,3.9,89962,1.9
234,44077,1.6,2793,8.5,41284,1.8
235,52730,2.7,6446,5.7,46284,2.8
236,3010,8.7,615,9.2,2395,10.6
237,18155,4.4,1548,8.3,16606,4.3
238,7079,5.9,513,17.6,6566,6.0
239,10391,4.9,939,12.4,9453,5.1
240,685,25.7,97,45.1,588,23.4
241,18619,4.1,5087,3.1,13531,4.9
242,649,21.5,236,18.5,413,29.9
243,3311,10.0,1344,6.5,1967,15.7
244,14659,4.4,3507,5.2,11151,5.3
245,3898509,0.1,771227,0.2,3127282,0.1
246,1334561,0.3,165437,0.7,1169124,0.3
247,21362,2.9,2294,7.5,19069,3.7
248,7795,3.5,376,17.2,7419,3.5
249,12957,5.3,1670,6.9,11287,5.8
250,610,17.2,247,36.5,362,28.7
251,6292,3.1,600,13.3,5692,3.2
252,13786,5.4,4037,4.6,9750,7.0
253,278,26.5,40,85.8,238,29.7
254,8,67.3,4,73.7,4,104.5
255,103,39.2,45,56.4,58,68.8
256,56,67.7,6,123.0,50,70.4
257,49,91.9,21,70.0,27,119.4
258,3571972,0.1,713775,0.2,2858197,0.1
259,1215219,0.3,156750,0.7,1058468,0.3
260,2107788,0.2,486408,0.3,1621380,0.2
261,248965,1.2,70616,1.2,178349,1.2
262,2261224,0.2,507133,0.3,1754091,0.2
263,272872,1.0,75874,1.1,196998,1.0
264,3868657,0.1,748444,0.2,3120213,0.1
265,29852,2.0,22783,1.6,7069,6.1
266,2506,6.1,182,31.8,2324,5.2
267,3617,6.0,400,12.8,3217,6.6
268,169,30.9,18,76.3,151,33.8
269,3491,6.1,401,15.0,3090,6.5
270,1522,7.7,152,31.4,1370,7.1
271,1902,9.1,241,17.4,1660,9.9
272,3095559,0.1,645603,0.2,2449956,0.1
273,196893,0.8,13176,2.3,183717,0.7
274,26080,1.9,3284,5.4,22796,2.5
275,272925,0.8,50351,1.2,222574,1.0
276,5474,2.8,564,12.8,4910,3.0
277,10628,2.9,1443,11.8,9185,3.2
278,3868657,0.1,748444,0.2,3120213,0.1
279,67,57.1,8,124.0,59,61.0
280,782,10.5,41,35.8,740,10.7
281,302,20.1,14,75.8,288,18.9
282,475,15.2,28,30.9,448,15.8
283,5,86.2,0,0.0,5,82.2
284,29852,2.0,22783,1.6,7069,6.1
285,640,16.6,64,59.0,576,16.6
286,190,23.1,3,111.7,187,22.6
287,442,18.3,53,62.1,389,17.0
288,8,119.2,8,124.0,0,0.0
289,1527,7.9,114,38.6,1412,7.1
290,524,8.5,15,60.3,509,8.0
291,939,15.9,93,44.0,846,15.3
292,64,54.0,7,70.9,57,59.9
293,67665,1.6,4747,5.5,62918,1.4
294,29558,1.7,1346,10.8,28212,1.5
295,36446,2.5,3099,6.0,33347,2.3
296,1662,11.7,302,24.0,1359,14.6
297,783716,0.5,98528,0.8,685187,0.5
298,329725,0.7,27331,2.2,302394,0.6
299,418074,0.6,62534,1.7,355539,0.6
300,35917,2.6,8663,2.8,27254,2.9
301,35789,2.4,9959,2.5,25830,3.0
302,1388,12.1,540,11.7,848,17.3
303,3324832,0.1,675522,0.2,2649310,0.1
304,7402,6.5,3025,5.6,4377,9.6
305,26999,2.9,6393,2.7,20605,3.8
306,3049153,0.1,639957,0.3,2409196,0.1
307,1003448,0.3,137566,0.7,865882,0.3
308,1835748,0.2,441573,0.3,1394175,0.3
309,1112778,0.3,146493,0.7,966286,0.3
310,1980045,0.2,463093,0.3,1516952,0.3
311,232009,1.0,65936,1.3,166073,0.9
312,206942,0.8,13822,2.1,193119,0.8
313,209957,1.2,60819,1.3,149138,1.3
314,3868657,0.1,748444,0.2,3120213,0.1
315,102572,1.1,4623,3.4,97949,1.0
316,98221,1.1,8516,2.9,89705,1.2
317,6148,3.5,683,11.6,5466,3.7
318,30966,1.6,3627,4.7,27339,2.0
319,29852,2.0,22783,1.6,7069,6.1
320,278066,0.7,29582,2.1,248484,0.7
321,13728,3.3,940,9.3,12788,3.0
322,16938,2.2,2628,6.0,14310,2.8
323,300,24.7,59,58.1,241,28.0
324,276960,0.8,50834,1.2,226126,1.0
325,102349,1.3,13305,3.4,89044,1.3
326,6,0.0,6,0.0,0,0.0
327,3,0.0,3,0.0,0,0.0
328,3,0.0,3,0.0,0,0.0
329,0,0.0,0,0.0,0,0.0
330,25,0.0,25,0.0,0,0.0
331,29,27.6,29,28.7,0,0.0
332,0,0.0,0,0.0,0,0.0
333,0,0.0,0,0.0,0,0.0
334,0,0.0,0,0.0,0,0.0
335,0,0.0,0,0.0,0,0.0
336,1,0.0,1,0.0,0,0.0
337,15871,2.3,15871,2.4,0,0.0
338,1843,5.1,1843,5.3,0,0.0
339,12444,2.7,12444,2.8,0,0.0
340,1583,7.3,1583,7.6,0,0.0
341,2,0.0,2,0.0,0,0.0
342,22,0.0,22,0.0,0,0.0
343,1,0.0,1,0.0,0,0.0
344,8,0.0,8,0.0,0,0.0
345,1,0.0,1,0.0,0,0.0
346,7,0.0,7,0.0,0,0.0
347,15096,2.4,15096,2.5,0,0.0
348,190,14.9,190,15.5,0,0.0
349,55,47.6,55,49.6,0,0.0
350,479,8.8,479,9.2,0,0.0
351,8,0.0,8,0.0,0,0.0
352,26,47.8,26,49.7,0,0.0
353,16312,2.3,16312,2.4,0,0.0
354,26843,1.5,26843,1.5,0,0.0
355,1886,5.0,1886,5.2,0,0.0
356,12782,2.7,12782,2.8,0,0.0
357,1644,7.3,1644,7.5,0,0.0
358,0,0.0,0,0.0,0,0.0
359,6,0.0,6,0.0,0,0.0
360,0,0.0,0,0.0,0,0.0
361,6,0.0,6,0.0,0,0.0
362,0,0.0,0,0.0,0,0.0
363,10531,0.9,10531,1.0,0,0.0
364,16312,2.3,16312,2.4,0,0.0
365,10531,0.9,10531,1.0,0,0.0
366,1,0.0,1,0.0,0,0.0
367,1,0.0,1,0.0,0,0.0
368,0,0.0,0,0.0,0,0.0
369,0,0.0,0,0.0,0,0.0
370,0,0.0,0,0.0,0,0.0
371,0,0.0,0,0.0,0,0.0
372,0,0.0,0,0.0,0,0.0
373,0,0.0,0,0.0,0,0.0
374,1,0.0,1,0.0,0,0.0
375,0,0.0,0,0.0,0,0.0
376,1,0.0,1,0.0,0,0.0
377,0,0.0,0,0.0,0,0.0
378,70,22.5,70,23.4,0,0.0
379,11,32.0,11,33.3,0,0.0
380,55,23.1,55,24.0,0,0.0
381,3,0.0,3,0.0,0,0.0
382,1138,8.1,1138,8.4,0,0.0
383,171,14.1,171,14.7,0,0.0
384,859,8.5,859,8.9,0,0.0
385,108,21.3,108,22.2,0,0.0
386,125,19.0,125,19.7,0,0.0
387,3,0.0,3,0.0,0,0.0
388,48,38.8,48,40.3,0,0.0
389,74,23.4,74,24.4,0,0.0
390,15049,2.4,15049,2.5,0,0.0
391,1712,5.1,1712,5.3,0,0.0
392,11875,2.8,11875,3.0,0,0.0
393,1462,8.0,1462,8.4,0,0.0
394,16312,2.3,16312,2.4,0,0.0
395,15460,2.4,15460,2.5,0,0.0
396,1762,5.0,1762,5.2,0,0.0
397,12183,2.9,12183,3.0,0,0.0
398,1514,7.9,1514,8.2,0,0.0
399,10531,0.9,10531,1.0,0,0.0
400,196,16.0,196,16.6,0,0.0
401,37,9.8,37,10.1,0,0.0
402,146,19.4,146,20.2,0,0.0
403,13,0.0,13,0.0,0,0.0
404,376,12.1,376,12.6,0,0.0
405,40,16.4,40,17.0,0,0.0
406,307,13.7,307,14.2,0,0.0
407,29,23.4,29,24.4,0,0.0
408,56,46.8,56,48.7,0,0.0
409,13,26.1,13,27.1,0,0.0
410,40,66.0,40,68.6,0,0.0
411,3,0.0,3,0.0,0,0.0
412,481,8.8,481,9.1,0,0.0
413,334,12.9,334,13.4,0,0.0
414,6,57.0,6,59.3,0,0.0
415,1,0.0,1,0.0,0,0.0
416,2,0.0,2,0.0,0,0.0
417,0,0.0,0,0.0,0,0.0
418,42,12.1,42,12.6,0,0.0
419,153,15.9,153,16.6,0,0.0
420,15,0.0,15,0.0,0,0.0
421,122,19.4,122,20.2,0,0.0
422,16,42.8,16,44.5,0,0.0
423,73,32.5,73,33.8,0,0.0
424,347,5.5,347,5.7,0,0.0
425,61,36.9,61,38.4,0,0.0
426,133,18.1,133,18.8,0,0.0
427,2,0.0,2,0.0,0,0.0
428,120,13.1,120,13.7,0,0.0
429,11,88.3,11,91.9,0,0.0
430,19,20.1,19,20.9,0,0.0
431,6,57.0,6,59.3,0,0.0
432,11,8.4,11,8.7,0,0.0
433,1,0.0,1,0.0,0,0.0
434,45,9.2,45,9.6,0,0.0
435,6,71.5,6,74.4,0,0.0
436,159,19.8,159,20.5,0,0.0
437,53,44.9,53,46.7,0,0.0
438,73,11.2,73,11.7,0,0.0
439,34,62.3,34,64.8,0,0.0
440,34,0.0,34,0.0,0,0.0
441,5,0.0,5,0.0,0,0.0
442,135,23.0,135,24.0,0,0.0
443,12,47.1,12,49.0,0,0.0
444,119,26.4,119,27.4,0,0.0
445,4,0.0,4,0.0,0,0.0
446,20,61.9,20,64.4,0,0.0
447,4,0.0,4,0.0,0,0.0
448,16,77.1,16,80.2,0,0.0
449,0,0.0,0,0.0,0,0.0
450,80,27.5,80,28.6,0,0.0
451,3,0.0,3,0.0,0,0.0
452,66,33.3,66,34.7,0,0.0
453,2,0.0,2,0.0,0,0.0
454,32,61.4,32,63.9,0,0.0
455,32,29.0,32,30.1,0,0.0
456,72,30.6,72,31.8,0,0.0
457,5,0.0,5,0.0,0,0.0
458,55,15.5,55,16.2,0,0.0
459,6,0.0,6,0.0,0,0.0
460,45,19.0,45,19.8,0,0.0
461,4,0.0,4,0.0,0,0.0
462,12801,4.0,1116,19.7,11685,4.9
463,6988,4.2,416,17.6,6573,4.6
464,5238,8.5,530,34.0,4708,8.9
465,575,14.5,170,29.5,405,19.4
466,7752,5.9,1339,13.5,6413,6.2
467,3532,8.0,315,31.0,3218,7.5
468,3790,8.7,790,12.3,3000,9.3
469,920463,0.3,48614,1.3,871848,0.3
470,503975,0.6,11990,3.0,491986,0.6
471,388039,0.5,30915,1.5,357124,0.5
472,28448,3.5,5710,7.0,22738,3.9
473,430,31.5,234,30.5,195,62.7
474,9974,4.5,1751,11.8,8223,3.7
475,3938,4.8,529,9.8,3409,5.8
476,5476,10.1,1130,17.0,4346,8.8
477,561,20.2,92,40.3,468,25.1
478,14232,4.9,4803,6.0,9429,5.6
479,492,21.7,145,34.3,347,29.3
480,1716,5.8,1003,11.4,712,13.8
481,12024,5.7,3654,6.6,8370,7.2
482,1358201,0.2,262898,0.3,1095302,0.2
483,575625,0.5,55601,1.6,520023,0.4
484,677529,0.4,168849,0.6,508681,0.5
485,105047,1.4,38449,2.2,66598,1.5
486,9492,7.4,3014,12.8,6478,6.9
487,389,35.3,125,43.7,264,41.0
488,1123,16.0,573,25.5,549,22.9
489,7981,7.3,2316,10.6,5665,7.7
490,2311810,0.1,329220,0.3,1982590,0.1
491,2292895,0.1,316316,0.3,1976580,0.1
492,18915,3.3,12904,3.2,6011,8.4
493,6670,8.0,2217,11.8,4453,8.4
494,83,69.3,11,82.9,72,77.5
495,0,0.0,0,0.0,0,0.0
496,52,75.0,0,0.0,52,71.5
497,1,0.0,1,0.0,0,0.0
498,97,49.4,2,40.4,95,48.5
499,1755796,0.2,288060,0.4,1467736,0.2
500,770230,0.4,62086,1.5,708145,0.3
501,865842,0.3,183340,0.4,682502,0.4
502,119724,1.3,42634,2.2,77090,1.4
503,1080092,0.2,67736,1.7,1012356,0.2
504,1067284,0.2,200767,0.4,866517,0.3
505,145520,0.8,47813,1.6,97706,1.0
506,2292895,0.1,316316,0.3,1976580,0.1
507,18915,3.3,12904,3.2,6011,8.4
508,527608,0.4,25243,2.0,502365,0.4
509,309473,0.7,5526,6.4,303947,0.7
510,200320,0.7,16853,2.2,183466,0.7
511,17815,5.1,2864,10.3,14952,5.6
512,1382469,0.2,265211,0.3,1117258,0.2
513,280671,0.2,10237,1.7,270435,0.2
514,20916,2.1,1825,12.4,19091,1.6
515,82883,1.3,10632,4.3,72251,1.2
516,5008,4.5,263,29.2,4745,4.6
517,9140,4.2,556,11.4,8584,3.8
518,2292895,0.1,316316,0.3,1976580,0.1
519,326058,0.7,17758,2.7,308300,0.6
520,14223,1.9,238,18.5,13985,1.8
521,8184,3.1,210,27.4,7974,3.5
522,3128,4.6,259,23.5,2870,4.1
523,1427,11.2,19,48.3,1407,11.0
524,198750,0.8,7444,3.3,191305,0.8
525,266515,0.9,13677,2.3,252838,0.8
526,18915,3.3,12904,3.2,6011,8.4
527,144527,0.8,2396,7.5,142131,0.8
528,112241,1.2,9862,2.7,102379,1.3
529,9747,6.4,1419,12.3,8328,7.2
530,33350,1.7,1568,9.4,31782,1.8
531,19944,1.9,487,20.0,19457,1.9
532,12817,3.7,967,9.7,11851,3.8
533,589,28.7,115,48.0,474,31.6
534,40507,1.8,2182,9.4,38325,1.7
535,24364,2.6,468,21.1,23896,2.6
536,14758,2.3,1393,13.4,13365,1.8
537,1385,11.9,321,31.0,1064,12.7
538,185494,0.9,7547,5.2,177946,0.8
539,120511,1.5,2164,9.3,118347,1.4
540,60318,2.0,4605,3.2,55713,2.0
541,4665,10.7,778,19.6,3887,9.9
542,10348,3.7,629,18.2,9719,3.9
543,4277,7.4,119,26.4,4157,7.3
544,5799,6.6,456,20.3,5342,7.6
545,272,46.3,53,104.4,220,53.9
546,10892,5.6,823,14.1,10069,6.3
547,4617,7.0,213,22.4,4403,6.9
548,5971,6.9,592,16.7,5379,8.4
549,305,39.9,18,43.9,287,39.2
550,1715197,0.2,285186,0.3,1430011,0.2
551,778260,0.3,60313,1.7,717947,0.3
552,811948,0.4,182178,0.5,629771,0.5
553,124989,1.0,42696,1.8,82293,1.4
554,6435,2.6,283,29.2,6152,2.5
555,3103,5.9,111,57.2,2992,5.3
556,3184,7.5,162,32.6,3022,7.6
557,148,43.6,10,70.6,138,45.8
558,294977,0.2,10485,1.4,284492,0.2
559,151910,0.5,2958,5.5,148952,0.5
560,138454,0.8,6481,2.4,131973,0.7
561,4613,7.8,1046,9.9,3567,8.5
562,2845,5.3,193,33.8,2653,5.7
563,1358,8.4,88,61.8,1270,8.1
564,1406,18.0,105,44.0,1301,17.9
565,82,62.8,0,0.0,82,59.8
566,774,9.8,34,34.1,740,10.3
567,428,21.0,10,69.6,419,20.9
568,342,19.0,25,45.3,318,19.0
569,4,48.2,0,0.0,4,46.0
570,29100,1.9,2035,10.8,27065,1.7
571,16388,3.5,546,19.6,15842,3.1
572,12346,3.2,1437,11.4,10908,3.3
573,366,30.0,52,57.5,315,30.4
574,900,14.3,17,79.8,883,13.5
575,404,12.1,2,93.9,402,11.5
576,495,22.0,14,95.5,481,21.1
577,1,0.0,1,0.0,0,0.0
578,86064,1.3,10891,4.1,75173,1.2
579,38317,2.3,3127,6.5,35190,2.4
580,43089,2.2,6231,5.0,36857,2.2
581,4659,11.2,1532,11.7,3127,13.4
582,2047,5.0,31,37.4,2016,4.5
583,958,8.0,12,59.9,946,7.8
584,1037,4.9,19,55.4,1018,4.6
585,52,68.5,0,0.0,52,65.3
586,14898,4.8,2998,11.2,11900,5.0
587,5665,7.4,670,15.6,4995,7.8
588,7957,5.0,1659,13.9,6298,5.0
589,1276,13.6,668,16.6,608,26.8
590,207987,0.7,8003,2.9,199984,0.7
591,123215,1.2,1313,6.7,121902,1.1
592,80041,1.1,5872,3.5,74168,1.1
593,4732,6.1,818,10.3,3914,6.8
594,21394,2.9,2407,7.8,18987,3.1
595,10626,4.6,1005,13.6,9621,4.5
596,9813,4.5,1135,9.8,8678,4.5
597,954,24.4,267,25.7,687,30.1
598,521778,0.2,46571,0.6,475207,0.2
599,289577,0.6,19922,2.1,269655,0.6
600,200226,0.9,18625,3.0,181601,0.8
601,31975,2.2,8024,4.6,23951,3.0
602,7437,4.2,266,13.1,7171,4.0
603,4504,3.6,165,16.2,4339,3.4
604,2803,8.6,99,22.2,2704,8.5
605,130,17.1,2,0.0,128,16.6
606,42744,1.2,5440,2.6,37304,1.0
607,14547,3.2,1403,11.9,13144,3.4
608,8515,5.2,747,11.3,7768,5.3
609,5029,4.6,409,13.6,4619,5.3
610,1003,17.5,247,23.1,756,19.5
611,67399,0.9,1586,7.7,65813,0.9
612,47595,1.2,756,10.6,46838,1.2
613,18687,3.1,664,9.3,18023,2.9
614,1118,16.7,166,19.8,952,18.0
615,24207,2.5,2426,4.0,21781,2.5
616,16293,2.8,2265,5.4,14028,2.9
617,2244,9.0,749,14.7,1495,9.9
618,7252,5.4,1144,7.4,6109,6.8
619,3666,5.9,529,15.3,3137,7.5
620,3185,9.9,383,15.4,2802,10.5
621,402,13.1,232,17.5,170,38.6
622,676443,0.2,84183,0.5,592260,0.2
623,366562,0.6,23126,2.1,343436,0.6
624,239610,0.6,21806,3.0,217804,0.5
625,38118,1.6,9491,4.3,28627,2.3
626,644290,0.2,54424,0.8,589867,0.2
627,32153,1.1,29759,0.4,2394,13.7
628,1656711,0.2,446668,0.4,1210043,0.2
629,966840,0.2,126678,1.2,840163,0.2
630,597746,0.4,278759,0.7,318986,0.6
631,92125,1.7,41231,2.2,50894,2.4
632,492983,0.3,32055,2.7,460928,0.2
633,431478,0.3,17665,3.8,413814,0.2
634,55382,1.0,10961,2.7,44420,1.3
635,6123,4.9,3429,6.6,2694,10.4
636,29099,1.6,3010,7.6,26089,1.6
637,23225,1.9,1353,13.0,21872,1.7
638,5657,6.1,1549,8.7,4108,6.5
639,217,29.8,108,33.6,109,42.2
640,203471,0.6,69953,1.5,133518,0.7
641,103606,1.3,23837,3.1,79769,1.4
642,86978,1.3,39824,1.6,47153,1.6
643,12888,7.1,6292,6.2,6596,11.3
644,49122,2.7,21019,2.9,28103,3.9
645,20300,4.0,6769,8.0,13531,4.7
646,24957,3.5,12376,2.3,12581,5.9
647,3865,9.7,1873,8.2,1992,16.4
648,44361,1.6,14777,4.3,29584,1.9
649,22156,1.9,4370,7.7,17786,1.6
650,19857,4.4,9354,7.1,10503,6.3
651,2348,13.1,1053,17.2,1295,19.1
652,130,42.3,130,44.0,0,0.0
653,16175,3.3,6920,4.6,9255,4.4
654,7414,7.0,2047,9.6,5367,7.0
655,8021,4.0,4496,5.0,3525,11.7
656,741,11.7,377,20.1,364,26.0
657,19451,2.4,5788,4.6,13663,2.8
658,9884,4.5,1568,11.0,8316,5.3
659,8879,3.3,3893,6.6,4986,6.7
660,689,26.5,327,19.7,362,33.8
661,6635,3.5,548,18.8,6088,2.6
662,5206,3.8,193,37.2,5013,3.7
663,51293,2.0,12383,3.2,38910,2.2
664,32567,2.7,6319,3.3,26248,3.2
665,14919,4.8,4281,9.7,10638,5.4
666,3807,10.3,1783,7.7,2024,18.3
667,10133,5.2,3601,10.3,6532,5.2
668,5093,4.6,919,16.6,4173,6.4
669,4910,8.1,2551,11.1,2359,8.2
670,2564112,0.1,637013,0.1,1927099,0.1
671,15084,3.7,5550,5.2,9533,4.5
672,8168,4.0,2066,10.0,6102,3.6
673,6200,7.1,2994,6.1,3206,10.5
674,715,15.0,490,19.4,225,31.8
675,1603094,0.1,170644,1.1,1432450,0.2
676,756440,0.3,333809,0.5,422631,0.5
677,120456,1.6,55080,1.7,65376,2.2
678,2479990,0.1,559533,0.2,1920457,0.1
679,84122,0.5,77481,0.5,6642,4.2
680,167585,0.6,9539,2.4,158046,0.6
681,104710,0.8,4174,3.9,100536,0.8
682,57285,0.6,4214,5.3,53071,0.4
683,5591,7.2,1151,10.5,4439,8.4
684,5062,8.1,1288,6.4,3774,10.5
685,329,21.8,151,22.9,178,36.3
686,307,24.6,162,14.4,145,38.1
687,4425,8.4,975,7.8,3451,11.1
688,471643,0.2,43597,0.5,428046,0.3
689,261523,0.6,18801,2.3,242721,0.6
690,182018,0.7,17431,2.9,164587,0.6
691,28102,1.8,7365,4.6,20737,2.6
692,644290,0.2,54424,0.8,589867,0.2
693,32153,1.1,29759,0.4,2394,13.7
694,53510,0.8,2142,6.3,51368,0.8
695,31437,1.8,857,6.6,30581,1.8
696,20424,2.0,1123,9.4,19301,2.2
697,1649,15.5,162,18.0,1486,15.4
698,38955,1.7,1797,4.9,37158,1.8
699,2888,7.2,60,42.1,2829,7.0
700,1324,9.6,22,41.2,1302,9.0
701,926,15.6,30,42.9,896,15.5
702,121,11.6,6,98.3,115,12.2
703,12879,3.0,312,13.9,12567,2.7
704,23745,1.4,947,9.5,22798,1.3
705,13782,3.5,403,15.7,13380,3.6
706,9191,3.5,484,16.4,8707,3.6
707,771,20.1,60,36.8,711,19.7
708,6600,6.2,189,12.1,6411,6.2
709,3943,7.8,75,29.6,3868,7.8
710,2425,6.3,107,21.2,2319,6.4
711,231,40.5,7,74.7,224,39.6
712,4712,8.6,197,25.7,4515,8.7
713,2782,9.7,103,34.5,2680,9.6
714,1667,12.2,70,25.8,1597,11.8
715,263,35.9,24,52.9,239,37.9
716,18302,3.3,760,10.6,17542,3.4
717,10929,3.1,276,15.5,10653,3.1
718,7129,4.5,451,9.1,6679,4.8
719,244,31.3,33,33.0,210,32.3
720,2229,14.9,494,10.9,1735,16.7
721,5031,5.6,312,16.9,4720,5.3
722,2926,8.3,166,27.1,2760,7.3
723,2036,8.6,130,30.3,1906,8.2
724,69,46.1,15,67.5,54,55.5
725,5138,3.5,634,8.9,4503,3.9
726,3508,4.4,365,18.4,3143,3.7
727,1507,9.8,246,16.0,1261,10.9
728,123,41.3,24,52.9,99,47.7
729,115,48.4,57,38.0,58,72.4
730,80,40.6,44,44.9,36,75.3
731,2034,14.2,394,10.8,1640,16.0
732,1752,15.4,377,10.5,1375,18.3
733,1,0.0,0,0.0,1,0.0
734,0,0.0,0,0.0,0,0.0
735,5,57.2,3,104.8,2,0.0
736,6415,7.0,1530,7.2,4885,7.5
737,3232,9.0,460,12.6,2772,9.7
738,2763,8.5,962,10.8,1801,8.6
739,420,18.3,108,31.8,312,20.6
740,0,0.0,0,0.0,0,0.0
741,0,0.0,0,0.0,0,0.0
742,588551,0.2,51787,0.7,536764,0.3
743,335010,0.6,22213,2.2,312798,0.6
744,219105,0.8,20639,2.8,198466,0.6
745,34435,1.6,8935,4.4,25501,2.2
746,481071,0.2,44397,0.6,436674,0.2
747,2032,11.4,218,30.7,1814,11.1
748,1148,16.3,95,51.4,1053,15.6
749,784,9.8,45,29.6,739,9.4
750,100,37.2,78,47.9,22,107.7
751,3005,8.6,204,12.9,2801,8.8
752,1657,9.7,79,25.2,1577,9.6
753,1333,14.7,110,32.7,1223,15.1
754,64510,0.8,1527,7.8,62983,0.8
755,6113,4.6,245,14.2,5869,4.5
756,41813,1.3,5407,2.7,36406,1.2
757,1195,9.9,83,47.3,1112,9.0
758,2287,7.3,130,19.3,2157,7.2
759,644290,0.2,54424,0.8,589867,0.2
760,32153,1.1,29759,0.4,2394,13.7
761,16,39.7,15,44.2,1,0.0
762,1316,8.9,89,43.1,1227,7.8
763,646,8.3,53,53.0,593,7.4
764,636,14.6,36,42.6,600,14.2
765,33,64.8,0,0.0,33,61.8
766,676,9.0,47,50.8,629,9.2
767,335,12.7,31,78.8,304,9.5
768,332,16.5,17,45.8,316,16.3
769,9,106.1,0,0.0,9,101.1
770,188,24.4,14,56.5,174,22.9
771,82,20.5,8,54.1,74,21.9
772,106,44.7,6,121.0,100,41.7
773,0,0.0,0,0.0,0,0.0
774,108,17.9,21,86.6,87,14.8
775,85,23.4,15,119.1,70,18.4
776,23,24.3,6,98.3,17,0.0
777,0,0.0,0,0.0,0,0.0
778,354,20.0,14,69.8,340,18.8
779,153,13.1,1,0.0,152,12.6
780,201,30.8,13,75.3,189,30.0
781,0,0.0,0,0.0,0,0.0
782,15166,2.6,442,7.3,14724,2.5
783,8945,3.8,164,16.7,8781,3.6
784,6091,5.6,256,12.7,5835,5.7
785,129,38.9,22,37.4,108,44.0
786,347955,0.2,30335,2.4,317620,0.2
787,281113,0.4,12611,5.2,268501,0.3
788,60671,1.3,15520,2.1,45151,1.5
789,6171,6.1,2204,11.9,3967,5.1
790,210711,0.5,24685,2.9,186026,0.6
791,19133,3.5,816,13.7,18317,3.2
792,6210,3.3,388,20.6,5822,2.7
793,3675,8.7,811,16.0,2864,9.4
794,1171,8.4,32,56.5,1139,8.3
795,125862,0.6,4544,4.7,121317,0.6
796,159276,0.7,9946,3.0,149330,0.7
797,132410,0.9,4173,5.1,128237,0.9
798,24343,3.0,5104,6.0,19239,2.5
799,2523,9.1,669,16.7,1854,14.0
800,42249,1.1,3116,6.7,39133,1.2
801,35383,1.3,1266,12.9,34117,1.3
802,6540,4.4,1698,11.9,4842,4.6
803,326,20.7,151,30.4,175,41.6
804,29939,2.1,5525,7.1,24413,2.0
805,19578,2.5,2052,10.6,17526,2.6
806,9476,5.5,3035,10.0,6442,5.8
807,885,25.3,439,23.6,446,42.8
808,115406,0.6,11191,4.0,104215,0.5
809,93524,1.0,5076,7.6,88449,0.7
810,20060,4.1,5507,7.6,14553,3.6
811,1821,14.6,608,25.7,1213,16.3
812,7899,5.2,3826,6.7,4073,7.6
813,468,15.2,225,25.8,243,25.6
814,1264,15.7,877,16.4,387,29.3
815,6166,6.6,2724,7.8,3442,9.9
816,5566,7.4,2664,8.7,2902,10.2
817,121,50.0,9,62.0,112,49.4
818,2,78.2,2,81.3,0,0.0
819,120,67.1,52,64.1,68,96.9
820,1,0.0,0,0.0,1,0.0
821,2,0.0,2,0.0,0,0.0
822,2124137,0.1,525372,0.2,1598765,0.1
823,1321513,0.2,157807,1.1,1163706,0.2
824,694505,0.3,317412,0.4,377092,0.4
825,108119,1.9,50152,1.7,57967,2.8
826,1440435,0.2,419320,0.5,1021115,0.2
827,473729,0.3,31230,2.7,442498,0.2
828,22887,2.4,2620,8.8,20267,2.3
829,199676,0.7,69090,1.6,130586,0.7
830,5463,4.5,516,20.7,4947,3.2
831,10058,4.0,2039,10.3,8019,3.6
832,2479990,0.1,559533,0.2,1920457,0.1
833,84122,0.5,77481,0.5,6642,4.2
834,1229,12.7,344,26.3,885,8.8
835,200,32.7,11,62.9,190,33.8
836,2128,6.8,245,25.5,1884,5.9
837,1635,6.2,90,67.5,1544,5.4
838,451,18.5,154,33.0,297,16.0
839,43,47.4,1,0.0,42,46.2
840,624,9.5,79,49.9,545,9.4
841,511,9.4,47,64.9,464,9.6
842,113,30.3,32,44.7,81,29.8
843,0,0.0,0,0.0,0,0.0
844,815,11.5,33,68.5,782,10.9
845,626,11.5,13,72.0,613,11.3
846,169,39.6,18,115.7,152,32.9
847,19,58.6,2,28.9,17,63.7
848,3343,5.6,202,37.0,3141,4.7
849,2626,5.8,48,47.5,2578,5.6
850,579,20.3,147,52.4,433,13.4
851,138,49.9,8,89.4,131,51.2
852,135922,0.7,6586,5.3,129336,0.7
853,116291,0.7,2549,11.9,113742,0.6
854,18202,3.2,3671,4.3,14531,3.4
855,1429,15.0,366,26.6,1063,17.1
856,1049683,0.2,135899,1.4,913783,0.1
857,815574,0.2,54888,2.6,760686,0.2
858,207399,0.6,68331,1.2,139068,0.8
859,26710,4.5,12681,5.2,14029,6.2
860,17147,3.4,9130,5.9,8016,6.4
861,1224,10.0,821,13.2,404,14.0
862,3619,5.5,2587,7.5,1032,12.1
863,12304,3.7,5723,6.9,6581,6.8
864,1413161,0.2,414503,0.4,998658,0.2
865,786296,0.2,114935,1.4,671361,0.3
866,545423,0.4,262892,0.6,282531,0.6
867,81442,1.5,36676,2.3,44766,2.7
868,2479990,0.1,559533,0.2,1920457,0.1
869,84122,0.5,77481,0.5,6642,4.2
870,47355,2.3,978,7.2,46377,2.4
871,16848,2.9,315,16.9,16533,3.0
872,29739,2.6,552,11.2,29188,2.6
873,768,18.6,112,16.8,656,20.5
874,12395,3.2,335,18.5,12060,3.0
875,5282,6.1,135,31.4,5147,6.1
876,7036,6.2,190,22.1,6846,5.8
877,77,53.3,10,61.6,67,59.9
878,5820,5.4,449,18.8,5371,5.0
879,2629,8.5,119,36.6,2511,7.8
880,2955,6.6,266,22.5,2689,6.2
881,235,28.6,65,35.7,171,35.4
882,16800,1.9,582,11.1,16218,1.7
883,8323,2.7,191,14.0,8132,2.7
884,7986,5.6,319,15.8,7667,5.3
885,491,20.8,72,28.7,419,20.6
886,7979,7.1,219,17.5,7760,6.8
887,3141,12.1,48,59.2,3093,11.6
888,4807,6.1,165,20.6,4642,6.1
889,31,96.6,6,72.0,26,114.5
890,10076,2.5,256,13.7,9820,2.4
891,4369,7.1,129,22.4,4241,6.8
892,5606,4.8,116,21.2,5490,4.9
893,100,67.1,11,51.0,90,70.7
894,33435,3.1,773,12.8,32662,2.9
895,13796,2.0,284,20.1,13512,1.9
896,18969,4.5,453,22.9,18516,4.1
897,670,29.7,36,41.4,634,29.3
898,5729,10.9,662,9.6,5067,11.5
899,9641,3.7,342,14.7,9299,3.6
900,4828,4.8,123,28.2,4705,4.6
901,4683,4.1,188,15.8,4494,4.1
902,130,66.3,31,63.8,99,82.4
903,6739,5.2,573,11.2,6166,5.6
904,3611,9.1,108,34.8,3503,9.2
905,343,39.3,32,33.7,311,41.7
906,663,27.8,145,20.3,518,33.3
907,4724,11.5,486,13.5,4238,11.9
908,4364,10.8,539,11.9,3825,11.3
909,119,39.4,4,115.5,115,39.8
910,18,65.4,0,0.0,18,62.3
911,3020,6.1,401,14.0,2619,5.9
912,107,30.0,64,23.3,44,57.3
913,3175,7.8,98,24.4,3077,7.7
914,1534,12.7,48,53.9,1487,12.6
915,1594,9.3,34,39.5,1560,9.3
916,47,69.3,16,39.5,30,93.8
917,1328187,0.2,114665,0.3,1213522,0.2
918,470697,0.4,19046,2.5,451650,0.4
919,742367,0.2,51095,1.3,691273,0.2
920,82975,1.4,16252,3.1,66723,1.7
921,4452,5.4,106,28.5,4346,5.6
922,2039,7.3,21,63.6,2018,7.1
923,2342,6.6,85,39.1,2257,6.7
924,71,75.0,0,0.0,71,71.5
925,1019606,0.3,78744,0.5,940862,0.3
926,118933,0.7,1833,8.4,117100,0.7
927,13492,2.8,262,17.9,13230,2.6
928,52870,1.6,2377,6.4,50493,1.4
929,3059,4.4,169,22.8,2891,3.5
930,4029,5.8,164,28.5,3865,5.9
931,1296039,0.2,86393,0.5,1209646,0.1
932,1296039,0.2,86393,0.5,1209646,0.1
933,32148,1.1,28272,0.9,3876,6.6
934,3541,3.0,169,22.8,3373,2.6
935,1545,6.0,90,45.6,1455,5.4
936,1971,5.4,76,26.6,1896,5.2
937,25,44.1,3,61.6,22,48.7
938,2179,4.3,144,23.7,2034,4.4
939,942,8.8,75,49.3,867,8.0
940,1218,7.8,67,30.2,1152,8.2
941,18,48.5,3,61.6,15,56.9
942,456,15.3,9,79.6,447,15.0
943,278,22.9,9,79.6,269,23.5
944,178,18.1,0,0.0,178,17.2
945,0,0.0,0,0.0,0,0.0
946,3,0.0,0,0.0,3,0.0
947,2,0.0,0,0.0,2,0.0
948,5,114.5,5,119.1,0,0.0
949,1188685,0.2,83381,0.5,1105304,0.2
950,431287,0.5,18232,2.5,413054,0.5
951,681057,0.3,49555,1.3,631502,0.3
952,76342,1.4,15594,3.2,60748,1.6
953,412,19.9,9,23.6,402,19.4
954,135,22.4,2,98.3,133,21.6
955,271,20.7,7,0.0,264,20.2
956,6,115.5,0,0.0,6,110.1
957,32148,1.1,28272,0.9,3876,6.6
958,642,8.1,7,66.8,635,7.4
959,261,11.4,5,93.1,256,9.7
960,381,7.3,2,0.0,379,7.0
961,0,0.0,0,0.0,0,0.0
962,31619,2.3,607,12.4,31012,2.2
963,11750,4.1,176,23.3,11575,4.1
964,19497,2.2,375,16.6,19122,2.0
965,371,25.3,56,44.3,315,31.9
966,289684,0.5,7091,3.5,282593,0.5
967,122215,0.9,2187,7.0,120029,0.9
968,161787,0.9,4254,4.5,157534,0.8
969,5682,5.8,651,10.6,5031,5.6
970,10210,5.4,1400,7.4,8810,5.3
971,476,30.8,98,24.5,378,36.1
972,1062,19.1,237,18.1,824,21.8
973,1095468,0.2,81124,0.5,1014344,0.2
974,387177,0.5,17708,2.4,369469,0.4
975,633028,0.3,48127,1.2,584901,0.3
976,75263,1.6,15289,3.3,59975,1.9
977,8672,6.0,1064,9.1,7608,6.0
978,996145,0.3,77902,0.5,918242,0.3
979,348005,0.6,16762,2.7,331244,0.6
980,579519,0.3,46604,1.2,532915,0.3
981,68620,1.5,14537,3.6,54084,1.7
982,124286,0.8,1890,8.2,122396,0.8
983,54281,1.5,529,16.4,53752,1.5
984,68431,1.0,1174,9.3,67257,1.1
985,1574,13.1,186,31.5,1387,11.8
986,1296039,0.2,86393,0.5,1209646,0.1
987,15980,2.4,281,16.4,15699,2.3
988,6935,3.8,89,21.9,6846,3.6
989,8868,3.5,184,26.8,8683,3.5
990,178,31.0,8,52.5,170,29.1
991,32148,1.1,28272,0.9,3876,6.6
992,101624,1.2,2350,3.9,99275,1.2
993,54857,1.3,2403,6.6,52453,1.1
994,26205,1.7,734,13.8,25471,1.7
995,27324,1.5,1411,9.1,25913,1.4
996,1327,20.3,258,14.6,1070,23.0
997,39067,2.0,782,9.7,38285,2.0
998,60648,1.7,1395,7.8,59253,1.6
999,1909,9.2,172,15.0,1737,9.6
1000,71498,2.0,1840,5.3,69658,2.0
1001,5234,7.2,53,29.7,5181,6.9
1002,2470,9.0,20,36.2,2451,8.5
1003,1984,9.8,27,39.7,1957,9.6
1004,480,16.9,0,0.0,480,16.1
1005,27585,2.4,438,9.0,27148,2.3
1006,3639339,0.0,367088,0.2,3272252,0.1
1007,1885222,0.1,92896,1.0,1792326,0.1
1008,1513227,0.2,201549,0.7,1311677,0.3
1009,225011,0.9,64916,1.6,160095,1.2
1010,3623459,0.1,359361,0.3,3264098,0.1
1011,15880,4.9,7726,3.0,8154,7.7
1012,320808,0.4,163160,0.5,157648,0.5
1013,125899,0.6,38102,1.9,87797,0.7
1014,156442,0.5,95776,0.4,60666,0.9
1015,38467,2.0,29282,2.8,9184,2.9
1016,4712,8.6,3302,9.8,1410,14.9
1017,24,101.7,24,105.8,0,0.0
1018,6,0.0,0,0.0,6,0.0
1019,46,56.0,42,62.3,4,103.4
1020,4,0.0,0,0.0,4,0.0
1021,47,50.8,41,63.6,6,109.7
1022,711522,0.3,437360,0.3,274162,0.5
1023,221405,0.6,94906,1.2,126499,0.9
1024,365854,0.5,253893,0.6,111961,0.8
1025,124263,1.5,88561,2.1,35701,2.2
1026,12629,4.6,8372,4.0,4257,6.6
1027,428,14.0,262,20.7,166,16.8
1028,2324,9.5,1936,7.3,388,27.4
1029,9877,5.6,6175,5.8,3703,6.9
1030,485392,0.4,308784,0.3,176608,0.8
1031,492216,0.4,311519,0.2,180698,0.7
1032,57710,0.7,6713,5.8,50997,0.5
1033,4475,3.1,1281,6.6,3194,3.4
1034,155307,1.0,115016,0.9,40291,1.6
1035,1062,11.9,398,25.1,664,9.0
1036,3526,8.1,1928,14.6,1598,10.0
1037,818829,0.2,480317,0.1,338512,0.3
1038,560653,0.3,340835,0.2,219817,0.5
1039,15354,1.9,14099,1.5,1255,12.7
1040,168635,0.8,70583,1.8,98052,0.7
1041,291766,0.6,200338,0.8,91428,0.8
1042,100252,1.9,69915,2.3,30338,2.6
1043,60329,0.8,6938,6.1,53391,0.4
1044,39095,1.0,2034,6.2,37061,1.0
1045,19454,2.1,4006,8.3,15448,1.4
1046,1779,10.6,898,10.8,881,15.1
1047,5770,3.1,1462,6.1,4308,3.4
1048,3478,5.9,622,20.1,2856,5.0
1049,2086,7.3,764,15.4,1321,5.1
1050,206,21.0,76,50.2,131,19.5
1051,156391,1.0,115634,0.9,40757,1.6
1052,42139,1.6,27570,2.1,14570,3.8
1053,87291,1.4,66419,1.6,20872,1.8
1054,26961,1.9,21645,2.4,5315,3.6
1055,35337,2.1,28311,2.6,7025,4.2
1056,4375,6.5,2940,8.8,1434,14.2
1057,23083,2.7,19224,2.9,3859,5.6
1058,7879,3.6,6147,4.3,1732,12.2
1059,62834,1.9,49292,1.8,13542,3.8
1060,16988,3.2,12349,3.2,4638,6.0
1061,36658,2.3,29176,2.8,7482,3.3
1062,9189,5.3,7767,5.2,1422,14.0
1063,4463,5.5,1334,14.2,3129,6.3
1064,2065,9.1,490,22.2,1575,7.9
1065,1879,10.3,696,23.3,1183,11.8
1066,518,24.8,147,36.8,371,30.8
1067,5352,9.3,3771,10.7,1581,14.3
1068,1210,12.2,742,16.7,468,19.1
1069,3282,11.0,2288,11.5,995,18.1
1070,860,11.9,742,12.4,118,58.4
1071,139221,1.0,64636,1.6,74584,1.1
1072,256420,0.5,181344,0.8,75076,1.0
1073,89751,2.0,62804,2.5,26947,2.3
1074,818829,0.2,480317,0.1,338512,0.3
1075,18901,2.8,14830,3.2,4071,3.2
1076,7674,4.2,5537,6.1,2137,6.9
1077,8374,5.1,6897,6.2,1477,10.0
1078,2853,10.9,2396,11.6,457,16.4
1079,15354,1.9,14099,1.5,1255,12.7
1080,9209,5.4,5761,7.5,3448,8.1
1081,3108,11.0,1700,13.4,1408,10.6
1082,4276,8.3,2695,12.3,1581,11.2
1083,1825,10.5,1367,10.8,459,24.9
1084,20540,3.3,12178,4.6,8362,5.3
1085,7285,5.6,3952,11.8,3333,7.4
1086,10518,4.5,5913,5.7,4605,5.6
1087,2737,7.0,2312,8.5,425,30.3
1088,100176,1.2,37825,1.4,62351,1.2
1089,43891,1.1,7930,3.2,35961,1.4
1090,48058,1.7,24120,2.4,23938,1.3
1091,8226,5.7,5775,5.9,2452,13.8
1092,834182,0.2,494415,0.1,339767,0.4
1093,265547,0.4,103000,1.2,162547,0.6
1094,1454,12.5,448,23.4,1007,13.9
1095,816,12.4,177,28.9,639,14.4
1096,590,17.6,250,36.3,341,15.5
1097,48,35.9,21,97.8,27,33.4
1098,63724,1.5,26014,1.5,37710,1.9
1099,2594,7.4,201,33.5,2394,7.0
1100,1289,10.6,181,16.6,1109,10.5
1101,1038,15.3,576,23.2,462,16.3
1102,388,29.5,49,62.1,339,30.3
1103,34746,1.3,11506,2.0,23240,1.3
1104,59336,1.5,25982,1.2,33353,2.1
1105,24327,2.4,5031,6.8,19296,2.1
1106,29322,1.4,17157,1.8,12164,2.2
1107,5686,5.1,3793,7.6,1893,15.5
1108,415186,0.4,279056,0.5,136130,0.5
1109,138095,1.5,98261,2.0,39835,1.8
1110,818829,0.2,480317,0.1,338512,0.3
1111,15354,1.9,14099,1.5,1255,12.7
1112,744,17.6,185,37.4,559,16.6
1113,482,17.6,94,42.6,387,21.9
1114,240,26.8,91,54.1,149,15.5
1115,22,38.1,0,0.0,22,36.3
1116,6167,2.5,984,13.7,5183,2.5
1117,3546,2.6,381,21.1,3165,2.2
1118,2572,5.0,581,19.9,1991,6.4
1119,49,61.2,22,45.8,27,105.8
1120,4128,6.3,1219,14.2,2909,7.9
1121,1660,8.4,245,36.2,1415,9.9
1122,2070,10.4,692,22.9,1377,9.3
1123,398,22.2,282,24.4,117,62.8
1124,111,44.0,46,112.8,64,15.3
1125,33,15.7,0,0.0,33,15.0
1126,76,63.8,44,117.8,31,25.6
1127,2,0.0,2,0.0,0,0.0
1128,89,23.4,38,57.3,51,9.2
1129,45,18.6,9,94.8,36,13.0
1130,28,19.7,13,44.2,15,0.0
1131,16,123.7,16,128.7,0,0.0
1132,29669,3.2,8949,5.4,20719,2.4
1133,14338,4.4,2253,10.3,12085,3.8
1134,13908,4.5,5502,6.5,8406,4.9
1135,1423,17.2,1195,15.9,228,41.5
1136,526,18.2,184,34.2,342,17.3
1137,277,22.9,81,70.4,196,14.8
1138,247,26.5,101,49.8,146,29.1
1139,2,0.0,2,0.0,0,0.0
1140,7131,5.9,5132,6.8,2000,11.0
1141,251,27.3,164,37.9,87,41.7
1142,1274,12.0,1043,10.9,231,29.0
1143,5606,8.0,3925,9.2,1682,11.4
1144,38319,1.7,13474,3.5,24844,1.3
1145,17259,1.4,3023,5.6,14236,1.3
1146,17796,3.7,8232,6.0,9564,3.2
1147,3264,8.9,2220,7.4,1045,21.3
1148,113114,1.0,7297,7.0,105817,1.0
1149,6830,4.9,1097,20.9,5733,5.7
1150,53264,1.6,1775,8.8,51489,1.5
1151,31282,2.9,529,10.8,30753,2.8
1152,21692,3.9,1105,8.2,20587,3.8
1153,291,34.6,141,45.0,150,42.0
1154,22739,5.1,3827,6.3,18912,5.0
1155,8832,6.4,1032,10.9,7801,6.2
1156,12282,6.1,2045,8.8,10236,5.9
1157,1625,9.5,751,5.0,875,16.7
1158,42585,2.7,2747,5.3,39838,2.7
1159,19023,2.3,580,16.0,18443,2.5
1160,22109,3.3,1775,10.2,20334,3.1
1161,1453,21.0,393,32.4,1060,21.6
1162,67949,2.3,7927,5.0,60022,2.4
1163,35477,2.9,3368,9.0,32109,2.9
1164,28265,2.5,3535,7.3,24730,3.0
1165,4207,10.9,1024,10.2,3183,12.5
1166,22227,2.8,1108,18.4,21119,2.4
1167,12520,3.0,586,15.8,11934,2.9
1168,8832,4.9,378,28.1,8454,4.6
1169,876,17.0,144,52.0,731,19.1
1170,14361,5.4,1622,11.6,12739,5.2
1171,7959,5.9,526,34.9,7434,6.2
1172,5928,6.2,934,14.3,4994,6.2
1173,473,26.8,162,40.7,311,32.8
1174,47477,1.5,15784,2.1,31692,2.8
1175,22265,2.6,4960,3.8,17304,3.5
1176,19563,3.3,7247,5.6,12316,4.2
1177,5649,5.5,3577,7.4,2072,11.0
1178,190625,0.7,14023,2.4,176602,0.7
1179,113564,1.1,6280,4.3,107284,0.9
1180,66543,1.2,5255,7.1,61289,1.4
1181,10517,8.7,2487,10.0,8030,10.9
1182,28139,1.8,2135,13.3,26005,2.1
1183,15846,4.1,758,11.5,15089,4.0
1184,11022,3.1,1028,13.9,9994,3.0
1185,1272,14.5,349,31.3,922,14.9
1186,8674,5.6,367,17.7,8307,5.5
1187,4670,5.1,143,40.2,4527,4.8
1188,3884,9.9,175,10.0,3709,10.1
1189,120,52.2,49,68.5,71,50.5
1190,3876,5.6,276,23.8,3599,5.9
1191,2113,5.1,98,56.1,2015,4.3
1192,1694,10.3,129,9.0,1564,10.7
1193,68,73.3,49,68.5,20,112.4
1194,1101,12.2,39,68.1,1062,11.5
1195,632,21.9,22,120.0,610,20.4
1196,469,12.0,18,69.8,451,12.9
1197,0,0.0,0,0.0,0,0.0
1198,915,20.2,5,0.0,910,19.3
1199,470,13.9,0,0.0,470,13.2
1200,436,43.4,5,0.0,431,41.8
1201,9,74.3,0,0.0,9,70.8
1202,2963,3.9,67,46.0,2896,4.4
1203,1591,5.8,43,65.9,1548,6.6
1204,1340,7.3,24,43.1,1316,7.2
1205,33,23.5,0,0.0,33,22.4
1206,201968,0.6,7398,6.7,194570,0.5
1207,115259,0.8,2523,10.4,112736,0.8
1208,81118,1.5,4138,7.5,76980,1.5
1209,5591,7.3,738,18.3,4854,7.5
1210,12936,4.2,3574,7.2,9362,5.4
1211,213467,0.8,6945,5.0,206522,0.8
1212,117625,1.0,1675,9.8,115951,1.0
1213,91667,1.8,4574,6.9,87093,1.8
1214,4175,7.9,697,10.0,3478,9.1
1215,1122,15.0,334,24.9,788,13.6
1216,1973,10.1,883,14.5,1090,18.3
1217,9841,6.7,2356,9.2,7484,7.9
1218,8622,5.4,2659,9.1,5963,7.8
1219,48,82.7,17,68.7,32,98.1
1220,1595222,0.1,78925,0.7,1516297,0.1
1221,968791,0.3,26156,1.4,942635,0.3
1222,578769,0.5,40329,1.1,538440,0.5
1223,47662,2.6,12439,2.4,35223,3.7
1224,8,64.0,7,76.4,1,0.0
1225,201,54.9,15,62.4,186,57.8
1226,1,0.0,0,0.0,1,0.0
1227,52,64.2,3,105.0,50,65.3
1228,3057459,0.1,332573,0.3,2724885,0.1
1229,1584749,0.2,86415,0.9,1498334,0.2
1230,1273066,0.2,186252,0.7,1086814,0.3
1231,199644,0.7,59906,1.6,139738,1.1
1232,21815,3.3,5825,4.8,15990,3.4
1233,1480,11.8,525,12.5,954,14.0
1234,2723,7.7,1257,12.2,1466,16.1
1235,17612,4.1,4043,4.0,13569,4.6
1236,2047926,0.2,277544,0.3,1770382,0.1
1237,623981,0.2,7239,3.3,616742,0.2
1238,33299,2.3,1730,11.3,31569,2.1
1239,380303,0.4,45891,0.9,334412,0.4
1240,7070,6.5,335,20.8,6734,6.5
1241,10982,2.0,580,13.0,10402,1.6
1242,3623459,0.1,359361,0.3,3264098,0.1
1243,2394564,0.1,296647,0.4,2097918,0.1
1244,1119663,0.2,71912,1.4,1047752,0.2
1245,1094423,0.3,172027,0.8,922396,0.3
1246,180478,1.3,52708,1.6,127770,1.6
1247,2006422,0.2,274611,0.4,1731811,0.2
1248,914951,0.3,66214,1.3,848737,0.3
1249,931734,0.4,159963,0.8,771772,0.4
1250,159736,1.1,48434,1.6,111302,1.7
1251,15880,4.9,7726,3.0,8154,7.7
1252,649896,0.2,7769,2.9,642127,0.2
1253,457850,0.2,2392,6.9,455458,0.2
1254,187362,0.7,4610,4.9,182752,0.7
1255,4683,6.2,766,12.4,3918,5.7
1256,3623459,0.1,359361,0.3,3264098,0.1
1257,15880,4.9,7726,3.0,8154,7.7
1258,43573,2.1,1963,10.8,41610,1.9
1259,25768,2.9,536,25.5,25232,2.7
1260,17365,3.0,1351,11.6,16014,3.0
1261,440,23.8,76,52.2,364,30.4
1262,553065,0.3,23214,2.6,529850,0.3
1263,299351,0.6,6146,6.8,293204,0.6
1264,238188,0.6,14414,4.2,223773,0.6
1265,15527,4.0,2654,6.0,12873,4.8
1266,385583,0.4,46128,1.0,339455,0.4
1267,211517,0.7,17310,1.9,194207,0.7
1268,148475,0.8,20203,1.7,128272,0.9
1269,25591,5.1,8615,3.6,16977,7.1
1270,338016,0.2,16444,3.0,321572,0.1
1271,25867,2.3,513,15.7,25354,2.2
1272,10266,2.7,226,36.3,10040,2.3
1273,5079,7.3,222,21.8,4858,7.2
1274,1603,7.7,31,32.1,1572,7.4
1275,202433,0.9,6363,5.1,196070,0.9
1276,253655,0.5,10908,3.9,242747,0.5
1277,133711,0.8,2514,7.8,131197,0.8
1278,5880,4.2,5099,3.5,781,28.4
1279,2041,4.5,1950,4.4,91,42.0
1280,3195,6.1,2646,4.9,549,32.3
1281,645,18.4,503,13.8,142,47.4
1282,73,21.0,73,21.9,0,0.0
1283,606,9.3,536,8.5,70,41.1
1284,368,19.6,336,16.6,33,78.7
1285,199,20.4,162,27.5,38,51.3
1286,39,30.6,39,31.8,0,0.0
1287,366,9.3,269,8.0,97,33.4
1288,132,13.9,126,15.6,6,29.5
1289,198,11.4,127,12.7,71,33.1
1290,36,66.2,16,37.7,20,118.7
1291,240,10.4,164,6.8,76,38.9
1292,37,23.5,35,23.3,2,92.6
1293,23,26.1,21,21.2,2,92.6
1294,12,66.0,12,68.6,0,0.0
1295,2,31.9,2,33.2,0,0.0
1296,1,0.0,0,0.0,1,0.0
1297,5,64.4,5,67.0,0,0.0
1298,0,0.0,0,0.0,0,0.0
1299,0,0.0,0,0.0,0,0.0
1300,134,18.6,113,16.7,21,44.5
1301,218,12.1,145,12.3,73,47.7
1302,64,14.7,59,16.5,5,35.4
1303,123,21.6,75,22.9,48,52.3
1304,31,78.1,11,56.8,20,118.7
1305,549,9.9,455,6.2,93,42.2
1306,290,13.1,244,10.3,46,58.7
1307,201,17.1,157,9.4,44,51.9
1308,58,32.9,54,33.0,4,103.6
1309,25,33.7,24,36.5,1,0.0
1310,8,70.7,8,73.6,0,0.0
1311,17,43.0,16,47.5,1,0.0
1312,0,0.0,0,0.0,0,0.0
1313,8,104.1,0,0.0,8,99.2
1314,0,0.0,0,0.0,0,0.0
1315,8,104.1,0,0.0,8,99.2
1316,0,0.0,0,0.0,0,0.0
1317,168,15.2,154,13.9,14,56.9
1318,37,21.7,34,24.5,3,0.0
1319,90,20.6,83,17.8,7,102.9
1320,41,37.3,37,40.5,4,103.6
1321,130,32.4,103,23.4,26,89.4
1322,96,35.6,70,26.4,26,89.4
1323,27,36.4,27,37.9,0,0.0
1324,6,69.3,6,72.1,0,0.0
1325,110,15.7,95,20.6,14,42.2
1326,61,17.9,60,18.9,1,0.0
1327,49,20.5,36,28.5,13,45.3
1328,0,0.0,0,0.0,0,0.0
1329,74,21.2,74,22.1,0,0.0
1330,74,21.2,74,22.1,0,0.0
1331,0,0.0,0,0.0,0,0.0
1332,0,0.0,0,0.0,0,0.0
1333,33,43.5,33,45.3,0,0.0
1334,0,0.0,0,0.0,0,0.0
1335,0,0.0,0,0.0,0,0.0
1336,33,43.5,33,45.3,0,0.0
1337,32,29.8,32,31.1,0,0.0
1338,13,45.4,13,47.2,0,0.0
1339,19,44.8,19,46.6,0,0.0
1340,0,0.0,0,0.0,0,0.0
1341,79,22.0,57,14.9,22,71.8
1342,50,25.1,40,22.8,10,102.5
1343,27,47.9,14,35.5,13,94.8
1344,3,105.4,3,109.6,0,0.0
1345,23,60.2,23,62.6,0,0.0
1346,2,92.0,2,95.7,0,0.0
1347,0,0.0,0,0.0,0,0.0
1348,0,0.0,0,0.0,0,0.0
1349,0,0.0,0,0.0,0,0.0
1350,0,0.0,0,0.0,0,0.0
1351,6811,4.0,5941,3.1,870,24.1
1352,2626,4.6,2462,4.0,164,30.6
1353,3457,5.3,2877,5.1,580,28.4
1354,728,18.1,602,15.1,126,54.1
1355,30,28.5,23,38.7,6,55.6
1356,15,47.2,14,52.7,1,0.0
1357,15,34.6,9,53.2,5,65.8
1358,0,0.0,0,0.0,0,0.0
1359,5617,4.3,4912,3.5,705,29.2
1360,603,9.1,534,8.4,69,41.6
1361,32,23.4,30,26.3,2,92.6
1362,549,9.9,455,6.2,93,42.2
1363,11,66.4,11,69.1,0,0.0
1364,5,38.9,3,65.8,2,0.0
1365,7210,3.8,6243,2.9,967,23.0
1366,38,60.8,14,55.9,25,89.3
1367,6,116.6,0,0.0,6,111.1
1368,29,79.3,11,70.7,19,118.3
1369,3,105.9,3,110.2,0,0.0
1370,11,66.4,11,69.1,0,0.0
1371,73,21.0,73,21.9,0,0.0
1372,7283,3.8,6316,2.9,967,23.0
1373,1,0.0,1,0.0,0,0.0
1374,10,72.9,10,75.9,0,0.0
1375,0,0.0,0,0.0,0,0.0
1376,1,0.0,1,0.0,0,0.0
1377,0,0.0,0,0.0,0,0.0
1378,1,0.0,1,0.0,0,0.0
1379,0,0.0,0,0.0,0,0.0
1380,2759,4.3,2588,3.8,171,29.4
1381,3654,5.3,3003,5.0,651,28.5
1382,797,17.4,652,14.2,146,45.6
1383,7210,3.8,6243,2.9,967,23.0
1384,73,21.0,73,21.9,0,0.0
1385,3,0.0,3,0.0,0,0.0
1386,0,0.0,0,0.0,0,0.0
1387,3,0.0,3,0.0,0,0.0
1388,0,0.0,0,0.0,0,0.0
1389,0,0.0,0,0.0,0,0.0
1390,0,0.0,0,0.0,0,0.0
1391,0,0.0,0,0.0,0,0.0
1392,0,0.0,0,0.0,0,0.0
1393,7,103.0,7,107.2,0,0.0
1394,1,0.0,1,0.0,0,0.0
1395,6,119.5,6,124.3,0,0.0
1396,0,0.0,0,0.0,0,0.0
1397,139,18.2,116,16.9,23,40.6
1398,72,18.3,70,19.6,2,0.0
1399,65,27.4,44,24.6,21,44.5
1400,2,97.0,2,100.9,0,0.0
1401,1567,5.4,1303,4.3,264,22.5
1402,812,10.3,725,8.4,87,53.5
1403,613,8.3,460,10.7,153,28.0
1404,142,30.5,118,23.3,24,100.0
1405,83,25.8,81,26.8,2,83.1
1406,0,0.0,0,0.0,0,0.0
1407,7,24.9,5,0.0,2,83.1
1408,76,27.5,76,28.6,0,0.0
1409,5560,4.3,4859,3.5,701,29.5
1410,1947,4.6,1863,4.4,83,46.2
1411,3034,5.9,2538,4.7,496,31.4
1412,580,18.7,457,14.1,122,56.4
1413,7210,3.8,6243,2.9,967,23.0
1414,8,0.0,1,0.0,7,0.0
1415,36,69.2,23,112.5,13,0.0
1416,0,0.0,0,0.0,0,0.0
1417,28,88.9,22,117.6,6,0.0
1418,3,0.0,1,0.0,2,0.0
1419,4498,5.8,1859,5.6,2638,9.9
1420,25,99.5,21,123.2,4,0.0
1421,0,0.0,0,0.0,0,0.0
1422,22,113.1,21,123.2,1,0.0
1423,1,0.0,0,0.0,1,0.0
1424,21,118.4,21,123.2,0,0.0
1425,0,0.0,0,0.0,0,0.0
1426,2,0.0,0,0.0,2,0.0
1427,2,0.0,0,0.0,2,0.0
1428,0,0.0,0,0.0,0,0.0
1429,0,0.0,0,0.0,0,0.0
1430,12,0.0,1,0.0,11,0.0
1431,2,0.0,0,0.0,2,0.0
1432,10,0.0,1,0.0,9,0.0
1433,0,0.0,0,0.0,0,0.0
1434,1361,13.8,204,17.0,1157,15.9
1435,184,35.4,23,35.0,160,36.1
1436,1150,14.7,172,18.6,977,17.4
1437,28,32.0,8,46.1,19,43.6
1438,8450,3.1,1190,11.1,7260,3.5
1439,1869,8.2,193,26.0,1676,7.9
1440,6081,3.6,918,13.5,5163,3.5
1441,500,16.8,79,23.5,421,19.7
1442,1447,9.2,369,10.3,1078,12.3
1443,0,0.0,0,0.0,0,0.0
1444,304,13.2,120,31.4,183,27.5
1445,1144,13.3,249,18.4,895,15.7
1446,116236,0.6,18637,1.4,97599,0.6
1447,20519,3.1,1816,11.1,18704,2.5
1448,76007,1.4,13768,1.9,62239,1.4
1449,19710,4.8,3053,6.8,16657,4.7
1450,126134,0.6,20196,1.2,105938,0.6
1451,4498,5.8,1859,5.6,2638,9.9
1452,4849,4.0,700,14.0,4149,4.1
1453,806,14.4,104,43.2,702,12.0
1454,1407,7.4,289,24.6,1119,8.2
1455,395,14.7,65,51.5,329,11.1
1456,982,9.9,222,25.1,760,10.8
1457,30,82.3,1,0.0,29,81.1
1458,3859,5.3,530,13.4,3329,5.5
1459,183,18.3,66,27.3,117,27.5
1460,3585,4.5,514,16.8,3072,5.9
1461,25,10.5,4,74.6,22,5.8
1462,67,13.8,4,57.5,63,13.7
1463,8,41.5,0,0.0,8,39.6
1464,7,0.0,0,0.0,7,0.0
1465,1287,14.1,182,17.9,1105,16.3
1466,3915,4.9,557,11.0,3358,5.2
1467,1144,10.5,135,23.5,1009,11.0
1468,303,17.0,13,19.8,290,17.1
1469,644,9.1,116,27.4,528,8.9
1470,197,31.1,6,42.1,191,29.5
1471,234,17.6,14,48.1,220,16.7
1472,45,39.4,1,0.0,44,38.4
1473,588,17.6,74,38.4,514,16.5
1474,3211,5.6,441,9.7,2770,6.2
1475,116,21.0,43,29.5,73,34.4
1476,94,21.2,0,0.0,94,20.2
1477,31,32.8,0,0.0,31,31.3
1478,52,25.5,0,0.0,52,24.3
1479,12,102.5,0,0.0,12,97.7
1480,128,19.5,9,53.2,119,18.8
1481,62,51.9,4,62.8,58,50.5
1482,466,25.4,70,41.6,395,26.3
1483,127,36.5,8,32.1,119,37.3
1484,226,25.1,61,48.5,164,22.6
1485,113,44.9,1,0.0,112,43.1
1486,79,15.7,5,117.5,74,17.2
1487,29,29.7,5,117.5,24,33.6
1488,50,22.1,0,0.0,50,21.1
1489,0,0.0,0,0.0,0,0.0
1490,69,21.7,3,0.0,66,21.6
1491,25,29.2,3,0.0,22,31.7
1492,45,27.2,0,0.0,45,25.9
1493,0,0.0,0,0.0,0,0.0
1494,732,11.6,127,36.8,605,11.5
1495,159,14.8,26,99.6,133,10.6
1496,525,15.8,85,51.8,440,13.9
1497,48,31.6,16,66.7,32,27.2
1498,517,17.1,148,26.3,369,17.8
1499,112,24.4,22,41.8,90,24.6
1500,28,30.7,1,0.0,27,30.3
1501,83,34.7,21,43.8,62,36.9
1502,0,0.0,0,0.0,0,0.0
1503,82,29.6,24,106.9,58,19.3
1504,13,4.7,1,0.0,12,4.8
1505,64,38.8,23,111.5,41,26.3
1506,5,113.7,0,0.0,5,108.4
1507,0,0.0,0,0.0,0,0.0
1508,154,27.1,79,40.1,75,59.2
1509,363,21.6,69,31.5,294,21.2
1510,388,16.2,109,32.3,279,19.3
1511,0,0.0,0,0.0,0,0.0
1512,102,32.1,10,98.4,92,34.5
1513,52,55.7,0,0.0,52,53.1
1514,37,22.3,9,109.7,29,16.5
1515,13,76.1,1,0.0,12,78.8
1516,0,0.0,0,0.0,0,0.0
1517,0,0.0,0,0.0,0,0.0
1518,0,0.0,0,0.0,0,0.0
1519,0,0.0,0,0.0,0,0.0
1520,120768,0.6,19347,1.2,101421,0.6
1521,21582,2.7,1904,9.6,19678,2.2
1522,78378,1.3,14197,1.6,64181,1.3
1523,20807,4.9,3246,6.9,17562,4.6
1524,111,37.2,13,33.9,98,38.7
1525,23,5.9,0,0.0,23,5.6
1526,88,46.7,13,33.9,75,50.3
1527,0,0.0,0,0.0,0,0.0
1528,44,56.6,24,107.8,20,0.0
1529,117505,0.6,18844,1.2,98661,0.6
1530,1001,4.3,36,27.1,965,4.8
1531,1340,7.7,285,24.9,1056,8.9
1532,1136,10.7,135,23.5,1001,11.2
1533,37,67.3,24,107.8,13,0.0
1534,74,24.1,22,43.6,52,25.7
1535,126134,0.6,20196,1.2,105938,0.6
1536,121479,0.6,19467,1.2,102012,0.5
1537,21403,3.0,1927,11.9,19476,2.3
1538,79642,1.3,14369,1.7,65272,1.3
1539,20434,4.6,3171,6.7,17263,4.5
1540,1026,4.2,40,23.8,987,4.7
1541,392,8.6,8,91.4,384,7.9
1542,610,8.7,26,32.1,585,8.9
1543,24,42.6,6,97.7,18,49.3
1544,130632,0.6,22055,1.0,108576,0.7
1545,22388,2.7,2008,10.3,20380,2.1
1546,82392,1.2,14807,1.6,67585,1.3
1547,21354,4.6,3381,6.6,17973,4.5
1548,126134,0.6,20196,1.2,105938,0.6
1549,4498,5.8,1859,5.6,2638,9.9
1550,128,37.7,0,0.0,128,35.9
1551,29,91.0,0,0.0,29,86.7
1552,3,0.0,0,0.0,3,0.0
1553,1187,9.2,42,53.0,1145,8.4
1554,1235,11.7,77,32.4,1158,11.3
1555,465,14.1,0,0.0,465,13.5
1556,761,14.4,77,32.4,685,14.8
1557,9,75.3,0,0.0,9,71.8
1558,200,21.8,15,67.0,185,21.4
1559,65,20.0,15,67.0,51,9.2
1560,134,30.7,0,0.0,134,29.2
1561,0,0.0,0,0.0,0,0.0
1562,285,37.9,2,0.0,283,36.4
1563,83,34.0,0,0.0,83,32.4
1564,194,43.7,2,0.0,192,42.0
1565,8,104.0,0,0.0,8,99.1
1566,1453,7.3,37,55.0,1416,7.2
1567,519,8.1,4,50.2,515,7.8
1568,909,10.7,33,58.5,876,10.6
1569,25,96.9,0,0.0,25,92.4
1570,109,36.1,3,0.0,106,35.4
1571,0,0.0,0,0.0,0,0.0
1572,25,98.3,2,0.0,23,101.8
1573,84,38.5,1,0.0,83,37.2
1574,101,40.4,2,0.0,99,39.3
1575,0,0.0,0,0.0,0,0.0
1576,0,0.0,0,0.0,0,0.0
1577,0,0.0,0,0.0,0,0.0
1578,0,0.0,0,0.0,0,0.0
1579,0,0.0,0,0.0,0,0.0
1580,16101,1.7,2284,3.3,13817,1.9
1581,2979,6.0,226,13.1,2753,6.0
1582,11241,2.4,1754,4.6,9486,2.5
1583,1881,10.2,304,11.6,1577,12.4
1584,13931,1.9,2214,3.7,11716,2.0
1585,1555,4.0,5,0.0,1550,3.9
1586,168,25.2,14,45.2,154,26.3
1587,495,15.1,32,34.9,463,14.6
1588,20,15.6,1,0.0,19,15.7
1589,44,23.1,0,0.0,44,22.0
1590,19398,1.4,2422,3.4,16976,1.5
1591,4245,4.3,3422,1.4,822,22.0
1592,2,0.0,0,0.0,2,0.0
1593,0,0.0,0,0.0,0,0.0
1594,2,0.0,0,0.0,2,0.0
1595,0,0.0,0,0.0,0,0.0
1596,10,0.0,0,0.0,10,0.0
1597,4,0.0,0,0.0,4,0.0
1598,6,0.0,0,0.0,6,0.0
1599,0,0.0,0,0.0,0,0.0
1600,1232,8.6,42,53.0,1189,7.8
1601,527,13.4,1,0.0,526,12.8
1602,680,9.9,41,54.3,639,9.2
1603,25,96.9,0,0.0,25,92.4
1604,5461,3.0,205,13.2,5255,2.8
1605,1965,5.5,26,36.9,1939,5.4
1606,3349,4.2,176,16.9,3173,4.1
1607,147,23.7,3,0.0,144,23.1
1608,195,30.5,6,0.0,189,29.9
1609,0,0.0,0,0.0,0,0.0
1610,29,95.7,3,0.0,26,101.5
1611,166,33.0,3,0.0,163,32.0
1612,13742,2.0,2211,3.6,11531,2.1
1613,2146,7.1,218,14.2,1927,7.6
1614,9891,3.2,1694,5.3,8198,3.4
1615,1705,11.7,299,11.8,1406,14.5
1616,19398,1.4,2422,3.4,16976,1.5
1617,4245,4.3,3422,1.4,822,22.0
1618,3188,3.8,135,17.9,3053,3.7
1619,1132,5.3,19,53.1,1113,5.5
1620,2004,4.5,117,20.8,1887,4.6
1621,53,56.9,0,0.0,53,54.2
1622,1966,6.9,93,27.5,1872,6.4
1623,91,16.7,0,0.0,91,15.9
1624,48,16.9,7,48.9,41,17.9
1625,247,30.5,6,101.6,241,30.2
1626,1,0.0,1,0.0,0,0.0
1627,525,14.8,32,34.9,493,14.0
1628,208,27.2,0,0.0,208,25.9
1629,259,16.5,30,37.2,229,14.8
1630,57,28.7,2,0.0,55,28.4
1631,69,15.9,4,28.8,64,15.8
1632,15,60.6,0,0.0,15,57.8
1633,39,21.7,3,37.2,36,21.2
1634,15,62.1,1,0.0,14,63.5
1635,113,13.4,12,76.1,101,14.1
1636,58,24.4,0,0.0,58,23.3
1637,50,24.6,12,76.1,38,13.2
1638,5,65.8,0,0.0,5,62.7
1639,121,39.1,0,0.0,121,37.3
1640,65,72.1,0,0.0,65,68.7
1641,39,18.8,0,0.0,39,17.9
1642,17,60.0,0,0.0,17,57.2
1643,44,23.6,2,0.0,42,23.5
1644,9,76.7,0,0.0,9,73.1
1645,29,38.4,2,0.0,27,39.3
1646,6,118.6,0,0.0,6,113.1
1647,14,8.1,1,0.0,13,8.3
1648,2,0.0,0,0.0,2,0.0
1649,11,10.4,0,0.0,11,9.9
1650,1,0.0,1,0.0,0,0.0
1651,69,19.7,2,0.0,67,19.3
1652,15,0.0,0,0.0,15,0.0
1653,48,26.8,2,0.0,46,26.6
1654,23,13.6,1,0.0,22,13.5
1655,5,0.0,0,0.0,5,0.0
1656,17,18.4,1,0.0,16,18.6
1657,1,0.0,0,0.0,1,0.0
1658,10,31.3,1,0.0,9,33.1
1659,0,0.0,0,0.0,0,0.0
1660,9,34.7,1,0.0,8,37.3
1661,1,0.0,0,0.0,1,0.0
1662,1,0.0,0,0.0,1,0.0
1663,1,0.0,0,0.0,1,0.0
1664,0,0.0,0,0.0,0,0.0
1665,0,0.0,0,0.0,0,0.0
1666,23643,1.0,5845,1.7,17798,1.2
1667,4111,4.6,244,12.4,3866,4.6
1668,6,116.4,0,0.0,6,111.0
1669,105,36.3,11,78.2,94,39.3
1670,46,71.2,0,0.0,46,67.8
1671,52,52.7,11,78.2,41,62.6
1672,7,90.8,0,0.0,7,86.6
1673,13270,2.0,1873,4.6,11397,2.1
1674,2018,10.2,305,11.6,1713,12.2
1675,19398,1.4,2422,3.4,16976,1.5
1676,4245,4.3,3422,1.4,822,22.0
1677,15997,1.6,2309,3.7,13688,1.7
1678,2767,6.3,239,12.6,2527,6.8
1679,11357,2.5,1770,5.2,9587,2.8
1680,1873,11.4,300,11.8,1573,13.7
1681,1646,4.0,5,0.0,1641,3.8
1682,634,10.2,0,0.0,634,9.7
1683,979,7.2,5,0.0,974,6.9
1684,34,32.6,0,0.0,34,31.1
1685,296,25.2,14,45.2,281,25.6
1686,475472,0.5,38704,2.4,436768,0.5
1687,53377,2.0,4319,7.8,49058,2.1
1688,407452,0.5,30879,2.1,376573,0.5
1689,14642,3.8,3505,7.8,11137,4.0
1690,302329,0.7,28304,3.2,274025,0.7
1691,9607,3.8,345,23.7,9262,3.6
1692,7633,4.7,363,19.0,7270,4.9
1693,136729,0.6,7594,4.9,129136,0.6
1694,18382,2.0,990,12.2,17393,2.2
1695,116336,0.6,6135,4.4,110201,0.6
1696,2011,5.3,469,23.4,1542,9.5
1697,2242,11.7,180,24.3,2063,11.8
1698,792,26.1,18,37.4,774,25.4
1699,173340,1.1,10389,4.4,162951,1.0
1700,279975,0.6,22436,3.2,257538,0.6
1701,31822,2.9,2526,10.6,29296,2.8
1702,240572,0.7,18109,3.6,222463,0.6
1703,7580,5.9,1800,10.8,5780,7.0
1704,22021,2.7,2129,14.2,19891,2.7
1705,2469,9.4,298,31.2,2171,8.6
1706,19116,3.0,1790,13.0,17326,3.0
1707,35969,2.4,4836,5.8,31133,2.5
1708,5424,6.1,976,12.2,4448,5.7
1709,30013,2.7,3745,7.1,26267,2.7
1710,532,18.5,114,38.5,418,17.8
1711,76883,1.2,10567,3.5,66316,1.1
1712,14263,3.3,1403,11.9,12860,4.0
1713,58850,1.1,8264,3.5,50586,1.1
1714,3770,6.8,900,13.5,2871,7.5
1715,9322,3.3,1529,6.9,7793,3.1
1716,1728,11.2,184,32.0,1544,13.7
1717,6970,5.2,1293,6.5,5677,5.5
1718,624,16.2,51,52.5,572,16.8
1719,30917,3.2,3487,5.7,27430,3.2
1720,7068,5.8,468,19.0,6600,5.8
1721,22199,3.0,2747,4.4,19451,3.0
1722,1650,14.5,271,34.3,1379,15.8
1723,7225,4.4,1036,14.7,6189,3.7
1724,1308,8.7,282,39.1,1026,11.9
1725,5681,6.1,684,17.4,4997,5.1
1726,236,42.3,70,50.4,166,48.2
1727,4654,4.6,1175,9.9,3479,5.8
1728,739,19.4,133,29.6,606,18.7
1729,3908,6.3,1035,11.0,2873,8.2
1730,7,65.5,7,68.1,0,0.0
1731,9557,3.9,2173,9.1,7384,4.0
1732,1489,15.6,248,31.3,1241,17.2
1733,7520,4.5,1661,9.6,5859,4.9
1734,548,21.8,265,23.0,283,23.8
1735,8098,4.5,710,16.8,7388,4.5
1736,1173,11.3,99,35.6,1075,11.5
1737,6607,4.9,530,18.7,6077,5.4
1738,317,23.9,81,39.0,236,24.9
1739,9133,2.4,783,11.6,8350,2.4
1740,1158,10.2,48,32.3,1110,9.6
1741,7799,2.7,724,14.7,7075,2.3
1742,175,40.7,11,126.5,165,43.2
1743,5551,6.3,724,17.5,4826,5.6
1744,2940190,0.1,644798,0.2,2295392,0.1
1745,623,16.2,131,50.1,491,20.5
1746,4887,6.1,588,17.9,4299,5.8
1747,41,31.3,5,39.5,36,34.8
1748,2429,6.6,448,20.8,1980,7.2
1749,342,21.8,97,50.5,245,31.7
1750,2060,6.4,349,19.3,1711,7.4
1751,27,42.4,2,0.0,25,43.7
1752,436,38.5,41,70.1,395,38.0
1753,32884,2.4,3042,10.6,29841,2.2
1754,2659,7.0,355,23.0,2304,6.8
1755,29366,2.8,2402,9.4,26964,2.7
1756,859,26.8,285,33.4,574,33.7
1757,265733,0.8,54511,1.8,211222,0.9
1758,2444294,0.1,495846,0.5,1948449,0.2
1759,217988,1.2,86939,1.2,131049,1.3
1760,2928015,0.1,637296,0.2,2290719,0.1
1761,12175,5.2,7502,5.1,4674,6.9
1762,784,20.0,40,72.5,744,19.5
1763,75,44.5,3,0.0,72,44.2
1764,709,21.5,37,78.4,672,20.8
1765,0,0.0,0,0.0,0,0.0
1766,137943,1.2,10543,1.9,127399,1.2
1767,16401,3.0,1113,11.3,15288,3.2
1768,117770,1.3,8398,3.7,109372,1.3
1769,3771,7.7,1031,8.3,2740,8.9
1770,11040,3.8,3888,5.2,7152,5.6
1771,556,17.8,45,69.2,511,14.9
1772,107,34.2,17,120.8,90,38.0
1773,444,18.6,26,100.2,417,18.5
1774,6,75.7,2,96.0,4,102.8
1775,1961,9.9,200,31.0,1760,7.5
1776,158,25.4,16,111.5,142,27.1
1777,1795,9.9,185,33.9,1611,7.3
1778,8,73.4,0,0.0,8,69.9
1779,18,34.8,18,36.2,0,0.0
1780,1363,15.2,907,12.9,456,25.1
1781,9659,3.7,2963,5.8,6696,5.5
1782,8279,5.8,2792,9.5,5487,7.7
1783,0,0.0,0,0.0,0,0.0
1784,18,62.3,0,0.0,18,59.4
1785,0,0.0,0,0.0,0,0.0
1786,180048,1.0,10906,4.4,169142,0.9
1787,19322,3.1,1219,11.4,18104,3.1
1788,156767,1.1,9020,5.5,147747,1.0
1789,3959,12.6,668,17.3,3292,14.8
1790,7,118.2,0,0.0,7,112.7
1791,14,76.6,0,0.0,14,73.0
1792,2441503,0.1,594704,0.3,1846799,0.1
1793,212337,0.7,50174,1.9,162163,0.7
1794,2035479,0.2,464059,0.5,1571420,0.1
1795,193687,1.3,80471,1.2,113216,1.6
1796,2222906,0.1,573572,0.4,1649334,0.2
1797,712348,0.4,61694,2.1,650655,0.3
1798,89560,1.2,7527,6.5,82033,1.6
1799,601262,0.4,49109,1.7,552153,0.3
1800,21527,3.0,5058,6.0,16469,3.1
1801,127122,0.6,7249,4.6,119873,0.6
1802,28318,2.4,4473,6.4,23845,2.2
1803,74641,1.1,10387,3.5,64254,1.0
1804,4752,6.5,706,17.9,4045,5.6
1805,6694,5.8,517,19.8,6177,6.1
1806,2928015,0.1,637296,0.2,2290719,0.1
1807,12175,5.2,7502,5.1,4674,6.9
1808,18991,1.9,6421,4.8,12570,3.3
1809,147,44.0,122,47.7,25,67.1
1810,2815,9.2,1449,8.2,1366,17.3
1811,16029,1.2,4850,5.5,11179,2.2
1812,2196676,0.1,569182,0.4,1627494,0.2
1813,176026,0.9,46862,2.3,129164,1.1
1814,1840218,0.2,445288,0.6,1394929,0.2
1815,180432,1.4,77032,1.2,103400,1.7
1816,2928015,0.1,637296,0.2,2290719,0.1
1817,2533513,0.1,604667,0.3,1928846,0.1
1818,214069,0.9,50596,2.1,163473,1.0
1819,2118172,0.2,471080,0.5,1647093,0.2
1820,201272,1.4,82992,1.3,118280,1.7
1821,12175,5.2,7502,5.1,4674,6.9
1822,5419,3.4,572,12.5,4847,3.8
1823,10715,2.0,1953,5.7,8761,2.0
1824,1023,13.1,368,9.9,655,17.3
1825,106357,0.7,25304,1.7,81053,0.6
1826,39494,1.2,5579,3.6,33916,1.2
1827,59726,0.9,16609,2.1,43116,0.9
1828,7137,3.5,3116,5.7,4021,4.6
1829,6409,6.1,2876,6.6,3533,8.8
1830,329,25.0,98,33.6,231,35.6
1831,1227,8.1,874,11.7,353,14.1
1832,4853,6.3,1903,6.6,2949,8.7
1833,460552,0.7,214668,0.4,245884,1.0
1834,99619,1.2,30779,2.0,68840,1.1
1835,297544,0.8,151935,0.7,145609,1.2
1836,63388,1.8,31954,1.4,31434,3.0
1837,502932,0.7,225298,0.4,277634,0.9
1838,113004,1.3,32849,1.9,80156,1.2
1839,321494,0.8,158368,0.7,163125,1.2
1840,68434,1.7,34081,1.2,34353,3.0
1841,573317,0.6,242848,0.4,330469,0.8
1842,15674,2.1,14617,2.0,1056,14.4
1843,22649,1.2,1299,8.3,21351,0.9
1844,11637,1.4,272,13.6,11365,1.4
1845,10312,1.8,878,10.9,9434,1.4
1846,700,11.5,148,13.4,552,13.3
1847,5991,4.2,1146,7.1,4845,3.8
1848,51380,0.7,10475,2.6,40905,0.7
1849,16984,1.9,2235,7.4,14748,2.4
1850,31080,1.5,6900,4.2,24181,1.5
1851,3316,5.7,1340,7.3,1976,9.3
1852,2756,5.0,265,9.5,2491,5.1
1853,3074,5.9,849,9.8,2225,6.6
1854,161,19.0,32,28.7,129,22.8
1855,27590,1.5,12212,2.2,15379,2.1
1856,8822,3.2,2770,7.6,6051,3.7
1857,34496,0.9,7876,3.4,26620,0.7
1858,1188,7.8,70,20.6,1118,7.9
1859,753,12.1,91,19.9,662,11.6
1860,583,16.3,55,37.6,528,19.3
1861,185,29.0,27,42.3,158,29.1
1862,16078,2.0,2583,3.6,13495,2.2
1863,29142,1.2,5970,4.1,23172,1.3
1864,8958,3.2,1215,8.0,7742,3.1
1865,18272,1.7,4000,5.1,14273,2.1
1866,1912,10.0,755,10.8,1157,15.5
1867,16140,2.0,7907,2.5,8233,2.5
1868,2629,8.0,1535,9.7,1094,8.3
1869,3987,5.6,2067,4.5,1920,9.6
1870,779,9.9,327,17.1,451,11.2
1871,2870,6.2,1556,6.7,1314,12.1
1872,338,20.0,184,25.8,155,24.3
1873,3034,5.7,449,11.6,2585,6.4
1874,1423,6.6,144,27.8,1279,6.1
1875,1563,6.7,263,14.9,1300,8.5
1876,48,24.8,41,30.8,7,55.6
1877,8126,4.0,4038,5.9,4088,5.2
1878,2848,7.9,1105,12.8,1743,9.1
1879,4548,4.6,2454,4.9,2094,7.0
1880,730,10.7,479,14.2,251,23.7
1881,2289,4.9,638,9.4,1651,6.5
1882,4203,2.9,1110,5.3,3093,3.1
1883,1277,8.2,217,10.5,1060,9.9
1884,2738,4.6,749,8.1,1989,5.5
1885,188,11.8,143,11.9,45,35.9
1886,14396,2.0,2717,5.7,11680,2.2
1887,5322,4.3,654,12.9,4667,4.3
1888,8380,3.7,1785,6.7,6595,4.0
1889,695,19.1,277,19.3,418,24.5
1890,966,9.0,236,28.5,730,8.9
1891,1162,4.9,350,9.1,812,6.7
1892,161,37.2,52,29.6,109,45.3
1893,2507,5.2,994,7.5,1513,6.7
1894,817,12.3,143,22.4,674,10.8
1895,1558,7.5,781,8.9,778,13.0
1896,132,21.5,70,33.7,61,21.7
1897,3958,8.2,1838,7.2,2120,12.4
1898,407,25.4,110,39.7,297,34.9
1899,814,9.7,624,16.7,190,32.7
1900,2738,8.4,1105,6.4,1633,11.4
1901,3827,6.5,2484,5.8,1344,11.9
1902,1209,10.8,550,18.4,659,12.7
1903,2041,8.4,1512,9.0,529,15.4
1904,577,26.3,422,21.8,155,59.1
1905,3769,5.8,1320,10.0,2449,5.5
1906,2673,9.3,1271,7.5,1402,13.4
1907,64,50.8,0,0.0,64,48.5
1908,7,50.6,1,0.0,6,56.1
1909,79,49.0,78,51.9,1,49.7
1910,0,0.0,0,0.0,0,0.0
1911,5,0.0,1,0.0,4,0.0
1912,517979,0.7,230534,0.4,287445,0.9
1913,122052,1.0,34111,2.1,87941,0.9
1914,326603,0.8,161895,0.7,164707,1.1
1915,1327,6.6,290,21.2,1037,8.5
1916,2122,9.8,827,17.5,1295,6.9
1917,320,21.5,202,28.4,118,21.0
1918,3524,5.7,650,5.2,2874,7.4
1919,1085,8.7,122,27.7,963,9.4
1920,2170,5.7,460,9.7,1710,7.0
1921,270,23.8,68,22.6,202,32.0
1922,69324,1.8,34529,1.4,34796,2.7
1923,465763,0.7,216151,0.4,249612,1.0
1924,21398,1.2,1229,9.1,20169,1.0
1925,5232,4.3,1054,7.8,4177,4.0
1926,26928,1.6,12079,2.3,14850,2.1
1927,777,8.0,221,22.1,556,7.3
1928,1074,8.1,310,11.3,763,9.3
1929,573317,0.6,242848,0.4,330469,0.8
1930,962,6.9,249,18.9,714,8.4
1931,292,12.5,31,26.1,261,11.5
1932,622,7.9,213,23.5,409,9.2
1933,48,52.9,4,0.0,44,55.1
1934,15674,2.1,14617,2.0,1056,14.4
1935,588991,0.6,257465,0.4,331526,0.8
1936,139442,1.0,36456,1.9,102986,0.9
1937,358497,0.8,169419,0.7,189078,1.0
1938,552,7.9,96,8.0,457,9.8
1939,201,20.1,28,29.0,173,19.2
1940,329,8.9,65,21.7,264,10.3
1941,23,52.4,3,0.0,20,57.6
1942,86,21.1,17,42.2,70,26.9
1943,19,13.4,3,103.1,16,0.0
1944,75378,1.5,36973,1.3,38405,2.4
1945,573317,0.6,242848,0.4,330469,0.8
1946,15674,2.1,14617,2.0,1056,14.4
1947,67,28.4,14,50.1,53,35.6
1948,1,0.0,0,0.0,1,0.0
1949,66,16.9,17,59.5,49,14.6
1950,26,27.7,0,0.0,26,26.4
1951,39,22.9,17,59.5,22,14.5
1952,1,0.0,0,0.0,1,0.0
1953,263,21.0,120,42.4,143,19.0
1954,52,21.6,1,0.0,51,21.0
1955,189,25.9,118,43.1,71,17.6
1956,22,102.3,1,0.0,21,102.1
1957,17156,2.3,2894,3.7,14263,2.4
1958,522876,0.4,240498,0.5,282378,0.5
1959,23128,1.8,2245,8.6,20882,1.8
1960,5314,4.0,963,12.9,4351,5.0
1961,66025,1.2,33787,1.5,32238,1.8
1962,1092,14.0,135,24.9,957,16.1
1963,1595,11.5,568,24.2,1027,9.5
1964,685212,0.3,297528,0.3,387684,0.4
1965,703666,0.3,314373,0.2,389293,0.4
1966,3919,4.6,1201,10.5,2718,3.9
1967,1128,7.5,219,25.8,909,9.8
1968,2620,7.3,895,12.8,1726,6.7
1969,171,18.6,87,31.9,83,38.8
1970,1283,11.8,151,22.1,1132,14.0
1971,18454,1.9,16845,1.8,1609,14.3
1972,155215,1.1,41625,1.8,113590,1.1
1973,447821,0.6,214422,0.8,233400,0.6
1974,82175,1.1,41481,1.5,40694,1.8
1975,685212,0.3,297528,0.3,387684,0.4
1976,18454,1.9,16845,1.8,1609,14.3
1977,622,12.7,49,42.9,573,12.9
1978,645,18.7,97,23.8,548,22.4
1979,16,38.5,5,63.2,11,50.1
1980,718,14.1,91,26.5,626,14.9
1981,334,13.1,19,47.5,315,12.0
1982,376,21.6,70,29.2,306,23.5
1983,8,74.7,2,96.4,6,91.4
1984,143,38.8,20,41.7,123,43.6
1985,52,23.0,2,93.9,50,22.7
1986,88,59.8,18,47.9,70,73.1
1987,3,0.0,0,0.0,3,0.0
1988,111,39.6,0,0.0,111,37.8
1989,84,52.7,0,0.0,84,50.3
1990,27,24.5,0,0.0,27,23.4
1991,0,0.0,0,0.0,0,0.0
1992,323,20.0,37,40.5,286,22.5
1993,159,14.1,28,48.6,131,19.2
1994,162,32.4,9,47.7,153,33.4
1995,2,0.0,0,0.0,2,0.0
1996,17971,2.9,3770,10.1,14200,3.4
1997,5739,6.4,594,22.1,5145,6.3
1998,11026,2.2,2621,7.7,8405,3.9
1999,1206,13.1,556,28.4,650,12.8
2000,160511,0.6,54863,0.7,105648,0.7
2001,49561,1.2,10344,2.9,39217,1.5
2002,96834,1.6,36782,1.5,60051,2.2
2003,14116,4.8,7737,5.4,6379,7.1
2004,7297,4.7,3507,8.6,3791,8.0
2005,184,38.8,65,57.5,119,40.8
2006,1574,10.3,1110,10.7,465,20.0
2007,5539,5.6,2332,11.4,3207,8.7
2008,517404,0.4,239158,0.5,278246,0.4
2009,573280,0.4,255680,0.5,317600,0.5
2010,121079,1.2,33579,2.4,87500,1.2
2011,381959,0.5,187156,0.9,194803,0.4
2012,70242,1.3,34945,2.0,35297,2.3
2013,105470,1.4,31215,2.5,74255,1.5
2014,349413,0.5,176530,0.8,172884,0.6
2015,62520,1.5,31413,2.2,31107,2.9
2016,685212,0.3,297528,0.3,387684,0.4
2017,24465,2.3,2338,9.4,22128,2.3
2018,10949,3.5,499,20.3,10450,3.7
2019,12601,2.7,1716,9.3,10885,3.4
2020,915,18.6,123,35.1,792,21.0
2021,18454,1.9,16845,1.8,1609,14.3
2022,5946,3.2,1022,12.2,4925,4.0
2023,2638,4.5,209,20.2,2429,4.5
2024,3150,7.4,775,15.2,2375,8.2
2025,158,31.1,38,34.4,121,39.7
2026,64063,0.8,17036,2.1,47027,1.3
2027,19524,1.9,2662,8.1,16861,1.2
2028,39210,2.0,11842,2.2,27367,2.6
2029,5330,6.4,2531,8.5,2798,10.8
2030,46970,1.3,13537,3.4,33433,1.6
2031,1306,13.9,91,45.5,1215,13.1
2032,67062,1.2,34152,1.5,32909,1.7
2033,17612,2.5,6973,3.6,10639,3.3
2034,42052,2.5,22306,2.3,19746,3.8
2035,7398,5.3,4873,7.3,2525,12.0
2036,630,18.9,56,57.7,574,18.1
2037,1005,14.9,336,23.7,669,13.3
2038,186,31.7,17,34.1,170,32.2
2039,16369,3.0,3199,9.8,13169,3.5
2040,29449,2.2,7126,4.2,22323,2.0
2041,9426,3.4,1074,9.1,8352,3.3
2042,18009,3.0,5282,4.1,12727,3.4
2043,2013,9.9,769,20.3,1244,15.5
2044,3861,7.5,943,17.0,2918,9.0
2045,10849,5.3,5574,6.5,5275,6.5
2046,1743,10.7,728,14.0,1015,12.0
2047,7543,5.9,3871,6.2,3672,8.3
2048,1563,13.2,975,14.1,588,24.5
2049,30366,2.6,16589,4.7,13778,3.8
2050,8252,4.6,3672,7.0,4580,5.1
2051,18637,4.2,10387,4.9,8250,7.3
2052,3477,9.3,2530,10.9,947,16.8
2053,1623,12.8,239,33.8,1384,11.8
2054,2063,6.6,578,19.3,1484,10.2
2055,175,50.1,125,55.0,50,71.9
2056,6406,3.5,2233,5.1,4173,5.3
2057,1583,9.4,337,18.9,1246,9.9
2058,4067,5.1,1435,5.6,2632,8.0
2059,756,10.8,461,15.0,294,32.9
2060,3176,7.3,709,14.2,2467,7.0
2061,1358,12.8,264,24.3,1094,12.7
2062,1254,11.3,257,27.3,997,12.4
2063,564,23.4,188,32.6,376,31.9
2064,23882,1.8,6405,4.1,17477,1.9
2065,6890,4.7,1011,14.0,5879,4.5
2066,14888,3.0,4393,4.8,10495,3.7
2067,2103,15.7,1001,12.9,1102,26.7
2068,4258,5.5,2208,9.5,2051,5.6
2069,1305,7.8,432,18.3,873,9.8
2070,2673,10.2,1648,10.9,1025,11.8
2071,280,26.2,127,38.8,153,41.7
2072,11610,4.2,6950,3.9,4661,7.9
2073,3023,6.5,1548,7.1,1475,8.9
2074,7625,5.4,4706,6.7,2920,9.8
2075,962,8.8,696,12.5,266,27.5
2076,4195,7.0,2158,12.9,2037,13.9
2077,111,44.3,75,56.5,36,45.5
2078,799,20.4,531,22.2,268,39.3
2079,3285,8.1,1552,18.2,1732,13.6
2080,3433,9.1,1645,17.6,1788,13.9
2081,3486,8.0,938,18.9,2548,7.9
2082,1163,17.5,127,52.1,1036,16.5
2083,2042,6.9,571,24.3,1471,6.9
2084,282,28.9,241,29.0,41,57.5
2085,32,72.1,1,0.0,31,70.9
2086,3,105.5,3,109.8,0,0.0
2087,31,78.2,29,86.9,2,0.0
2088,5,114.8,0,0.0,5,109.5
2089,7,64.8,3,0.0,4,106.0
2090,616953,0.3,278333,0.3,338620,0.4
2091,135580,1.3,38887,2.0,96693,1.3
2092,407813,0.6,202048,0.8,205764,0.6
2093,73561,1.2,37398,1.9,36163,2.5
2094,18462,4.4,4609,5.1,13853,4.8
2095,7701,5.6,1503,10.6,6198,5.8
2096,8543,4.4,2356,4.9,6187,5.6
2097,2219,15.3,750,14.9,1469,20.5
2098,28036,1.7,10717,2.1,17319,2.1
2099,6891,4.8,1331,10.3,5560,4.8
2100,18418,3.1,8010,2.8,10408,5.0
2101,2727,6.9,1376,8.4,1351,14.2
2102,4702,4.9,485,11.3,4217,4.4
2103,2443,4.8,180,17.5,2263,5.0
2104,2518810,0.2,650108,0.2,1868703,0.2
2105,2015,5.4,219,17.3,1797,5.6
2106,244,29.4,87,43.8,157,28.6
2107,2369,6.0,238,11.1,2131,6.2
2108,1347,7.8,88,22.4,1259,8.1
2109,941,9.2,133,21.4,807,10.1
2110,81,35.4,17,33.0,64,39.5
2111,1045322,0.3,132302,0.8,913020,0.3
2112,1129958,0.4,383098,0.4,746861,0.5
2113,324661,0.5,120579,1.0,204082,0.9
2114,2499942,0.2,635979,0.2,1863963,0.2
2115,18869,3.0,14129,2.0,4740,9.8
2116,543,19.4,44,36.4,499,19.8
2117,233,20.4,10,69.0,223,20.9
2118,300,23.4,30,57.7,270,25.8
2119,10,60.4,4,98.8,6,82.8
2120,414,20.6,13,41.2,401,19.7
2121,239,28.3,5,0.0,234,27.6
2122,173,28.8,8,66.1,165,28.0
2123,1,0.0,0,0.0,1,0.0
2124,1386,7.6,180,28.9,1206,8.4
2125,661,7.8,77,40.0,583,7.6
2126,626,11.7,38,43.6,588,12.0
2127,100,50.7,65,55.8,35,69.0
2128,650346,0.3,138487,0.8,511858,0.3
2129,302428,0.5,30262,1.5,272166,0.4
2130,294822,0.7,87179,1.0,207643,0.8
2131,53095,1.7,21047,2.3,32049,1.8
2132,741867,0.5,101717,0.7,640150,0.5
2133,832429,0.4,294112,0.6,538317,0.5
2134,249008,0.7,93675,1.2,155334,1.1
2135,2499942,0.2,635979,0.2,1863963,0.2
2136,90447,1.1,11753,5.4,78694,1.2
2137,43338,1.3,2426,11.3,40912,1.2
2138,42063,2.3,8178,5.8,33885,2.4
2139,5046,7.0,1149,11.6,3897,9.4
2140,26292,2.6,7988,3.1,18304,3.1
2141,1027,14.8,323,19.4,704,22.7
2142,2707,7.5,1807,7.4,900,20.0
2143,22557,2.6,5858,3.9,16699,3.3
2144,1823304,0.3,489503,0.4,1333801,0.3
2145,2028814,0.3,520210,0.4,1508604,0.3
2146,837844,0.4,108352,0.8,729492,0.4
2147,916463,0.4,311246,0.6,605217,0.5
2148,274506,0.6,100611,1.4,173895,1.1
2149,160276,0.6,8274,4.5,152002,0.6
2150,94619,1.1,2167,7.5,92452,1.1
2151,60534,1.3,5185,6.1,55349,1.2
2152,5123,5.4,922,9.7,4202,6.3
2153,22433,2.3,2655,5.6,19778,2.5
2154,13115,3.3,958,7.6,12157,3.2
2155,8574,3.6,1481,10.0,7092,3.6
2156,744,15.1,216,20.7,528,17.7
2157,218054,0.7,93021,1.1,125033,0.9
2158,74364,1.2,19513,2.2,54850,1.4
2159,116163,1.3,58628,1.4,57535,2.0
2160,27527,2.3,14879,2.5,12648,5.0
2161,60700,1.1,40781,1.2,19920,3.2
2162,11159,4.8,5718,3.3,5441,8.5
2163,40397,1.7,28340,1.8,12057,4.5
2164,9144,4.1,6722,3.8,2421,11.9
2165,48586,1.9,13913,3.5,34674,2.1
2166,20181,2.5,3854,4.8,16327,2.7
2167,23024,3.2,7990,5.1,15035,4.0
2168,5381,8.7,2069,3.2,3313,13.2
2169,15321,3.8,1342,8.5,13979,3.8
2170,8505,4.5,556,7.9,7949,4.6
2171,5535,5.6,516,17.8,5019,5.3
2172,1281,19.7,270,22.8,1011,21.1
2173,10635,5.1,2220,10.8,8414,4.8
2174,5806,3.4,563,18.6,5243,4.0
2175,4382,10.2,1460,13.0,2922,9.8
2176,446,16.2,197,19.6,249,25.9
2177,39865,2.0,19927,2.4,19938,3.6
2178,15781,3.3,6152,5.7,9629,3.4
2179,18337,3.9,10455,3.8,7881,6.7
2180,5747,5.8,3319,4.8,2428,10.3
2181,18869,3.0,14129,2.0,4740,9.8
2182,255837,0.7,33136,1.8,222701,0.7
2183,126109,1.0,7639,4.0,118470,0.9
2184,111809,1.4,20940,2.1,90869,1.6
2185,17919,4.5,4557,5.0,13362,4.7
2186,169706,0.9,23263,2.6,146443,0.9
2187,7209,5.6,582,24.6,6627,4.8
2188,3638,7.5,223,21.7,3415,6.8
2189,3479,8.9,788,13.5,2691,9.7
2190,720,14.7,28,37.2,692,14.1
2191,82144,1.0,8815,5.6,73328,1.2
2192,135028,1.2,14569,1.8,120459,1.2
2193,69603,1.8,3339,7.2,66263,1.7
2194,55163,2.6,9068,3.7,46095,2.5
2195,10263,4.2,2162,7.5,8101,5.0
2196,17930,4.6,1429,14.5,16501,4.0
2197,9459,6.1,476,17.2,8983,5.4
2198,7998,4.0,857,19.0,7141,3.2
2199,474,19.9,96,24.3,377,24.4
2200,17389,2.6,3629,4.5,13760,3.0
2201,7985,3.4,816,8.4,7169,3.9
2202,8492,4.5,2338,6.0,6155,5.4
2203,912,19.3,476,20.4,437,30.5
2204,83279,1.2,12828,4.1,70451,1.1
2205,39051,1.3,3007,4.8,36044,1.2
2206,39836,2.0,8505,5.0,31331,2.0
2207,4392,6.5,1317,7.7,3075,10.1
2208,14810,4.2,4477,3.2,10333,5.3
2209,741,15.9,169,34.0,572,20.6
2210,1604,14.4,1007,12.9,597,23.5
2211,12465,4.1,3301,3.3,9164,5.2
2212,10251,5.6,3280,5.0,6971,7.6
2213,128,19.2,14,79.9,114,17.5
2214,41,36.8,29,61.7,12,65.6
2215,199,53.0,108,36.2,91,84.7
2216,13,102.4,4,114.4,9,94.6
2217,53,38.8,18,69.3,35,59.1
2218,2229295,0.2,598366,0.3,1630929,0.2
2219,918472,0.4,124494,0.6,793978,0.5
2220,1016545,0.4,361150,0.5,655395,0.5
2221,294278,0.6,112722,1.0,181556,1.1
2222,1848857,0.3,493667,0.3,1355190,0.3
2223,152940,0.5,7678,4.7,145262,0.5
2224,18753,2.6,2403,6.4,16350,2.7
2225,214375,0.6,92125,1.1,122251,0.8
2226,3970,3.9,454,11.1,3516,3.3
2227,8250,2.5,2919,7.9,5331,4.6
2228,2499942,0.2,635979,0.2,1863963,0.2
2229,18869,3.0,14129,2.0,4740,9.8
2230,952015,0.2,112444,0.8,839571,0.2
2231,93333,1.5,27357,1.6,65976,2.0
2232,1204092,0.2,161862,0.4,1042231,0.1
2233,9109,3.0,5877,3.0,3232,5.8
2234,1213201,0.2,167738,0.5,1045463,0.1
2235,158745,0.8,22061,1.7,136684,0.8
2236,1050,6.3,91,45.0,960,5.2
2237,545,20.8,24,59.8,521,21.4
2238,89004,1.1,4142,6.1,84863,1.0
2239,108434,0.6,8277,3.4,100157,0.6
2240,13257,3.6,1048,10.0,12208,3.7
2241,89495,0.9,6022,3.8,83473,0.9
2242,5683,7.1,1206,11.0,4476,8.8
2243,12077,3.3,784,12.2,11292,3.9
2244,2136,10.8,122,18.7,2013,10.8
2245,93554,0.7,6767,3.5,86787,0.7
2246,8441,5.2,1181,9.6,7260,5.7
2247,82185,1.1,5106,4.3,77080,1.1
2248,2927,12.2,480,17.0,2447,13.5
2249,9794,4.1,598,14.4,9196,4.7
2250,147,39.0,64,27.5,83,55.9
2251,29719,1.6,1176,11.8,28544,1.5
2252,3760,7.8,237,25.0,3524,7.5
2253,25496,2.4,795,10.4,24701,2.3
2254,463,23.9,144,20.3,319,31.1
2255,35805,2.2,1475,7.8,34330,2.4
2256,1647,11.9,171,24.6,1475,13.4
2257,33019,2.7,1136,7.9,31884,2.8
2258,1139,22.7,168,19.8,971,24.6
2259,15816,3.6,2857,4.6,12959,4.5
2260,2728,9.3,602,8.8,2126,10.5
2261,12490,5.3,2074,7.2,10416,6.1
2262,599,19.3,181,24.5,418,24.9
2263,5528,5.7,402,13.6,5127,5.4
2264,940,11.2,91,22.9,849,11.2
2265,4027,6.1,249,15.0,3777,6.2
2266,562,26.8,62,28.4,501,27.1
2267,1955,9.1,352,9.8,1603,10.4
2268,346,18.5,39,22.5,306,20.3
2269,1562,11.0,302,11.7,1260,12.6
2270,48,69.5,11,64.0,37,87.0
2271,6145,4.7,1062,12.0,5083,5.9
2272,846,17.3,155,26.5,691,17.6
2273,5098,6.7,870,13.8,4228,7.7
2274,201,52.6,37,35.4,164,60.1
2275,5699,7.6,223,30.3,5476,7.2
2276,852,14.6,29,55.6,824,13.8
2277,4799,9.1,190,34.9,4609,8.7
2278,48,63.9,4,114.2,44,63.6
2279,24689,3.4,468,13.1,24221,3.4
2280,1149,4.1,99,30.1,1050,4.3
2281,23355,3.7,356,18.3,22999,3.7
2282,185,37.8,13,32.8,172,39.3
2283,2566,6.8,226,16.4,2341,7.1
2284,393,5.9,33,31.0,360,5.8
2285,2122,8.3,187,19.6,1934,8.9
2286,51,56.9,6,73.2,46,62.0
2287,782,9.2,152,16.9,630,11.0
2288,172,10.1,28,36.4,144,11.0
2289,605,11.0,123,19.9,482,13.9
2290,5,13.6,1,0.0,4,16.0
2291,182,21.7,2,0.0,180,20.9
2292,35,24.0,0,0.0,35,22.9
2293,146,28.9,2,0.0,144,27.9
2294,1,0.0,0,0.0,1,0.0
2295,308,13.6,36,73.5,272,13.0
2296,72,22.3,1,0.0,71,21.6
2297,236,14.8,35,75.6,201,11.9
2298,0,0.0,0,0.0,0,0.0
2299,91328,1.0,4710,4.8,86618,1.1
2300,13486,3.0,679,12.9,12808,3.0
2301,74802,1.5,3604,5.1,71198,1.5
2302,3040,9.1,428,12.2,2613,10.6
2303,1340,11.4,55,26.8,1284,11.4
2304,127,8.7,4,56.7,123,8.7
2305,1169,13.6,48,31.6,1121,13.7
2306,44,66.4,4,113.3,40,70.2
2307,3802,8.0,984,11.3,2818,9.3
2308,9,58.1,4,80.9,5,77.7
2309,675,16.5,234,11.5,441,25.0
2310,3119,8.1,746,13.6,2373,8.9
2311,95107,1.1,4482,5.3,90626,1.0
2312,12127,1.3,473,10.2,11655,1.3
2313,80155,1.2,3266,6.9,76889,1.1
2314,2825,11.8,743,14.3,2082,15.4
2315,525734,0.3,29561,1.6,496173,0.3
2316,2268,8.1,691,14.1,1577,12.6
2317,115,41.5,5,54.2,110,40.2
2318,8,0.0,3,0.0,5,0.0
2319,90,54.1,0,0.0,90,51.6
2320,0,0.0,0,0.0,0,0.0
2321,2,0.0,2,0.0,0,0.0
2322,957166,0.2,145586,0.4,811580,0.2
2323,126077,0.7,19968,1.8,106109,0.6
2324,751714,0.2,101152,0.8,650562,0.2
2325,79376,1.7,24466,1.7,54909,2.2
2326,69259,1.7,4544,4.8,64715,1.6
2327,437187,0.5,21538,2.0,415649,0.5
2328,19288,3.8,3479,5.7,15809,3.9
2329,6532,3.5,1754,6.9,4779,4.1
2330,682285,0.3,131505,0.5,550780,0.2
2331,177168,0.3,6199,3.1,170969,0.3
2332,8584,4.4,857,8.5,7727,4.6
2333,92413,0.7,6676,3.5,85737,0.7
2334,2022,5.5,202,16.4,1820,5.1
2335,6101,4.2,338,15.7,5763,3.8
2336,1204092,0.2,161862,0.4,1042231,0.1
2337,106,37.4,50,32.5,56,62.8
2338,996,15.1,396,9.4,600,24.5
2339,5430,2.9,1308,8.5,4122,3.9
2340,671826,0.3,130547,0.5,541279,0.3
2341,89379,0.8,17467,1.8,71913,0.9
2342,9109,3.0,5877,3.0,3232,5.8
2343,836946,0.2,143078,0.5,693868,0.3
2344,112269,0.7,19322,1.7,92946,0.8
2345,645314,0.3,99042,0.8,546271,0.4
2346,513831,0.4,90510,0.8,423322,0.4
2347,68615,1.9,22571,1.8,46045,2.6
2348,1204092,0.2,161862,0.4,1042231,0.1
2349,79364,1.5,24713,1.8,54651,1.9
2350,184777,0.3,6467,3.2,178310,0.3
2351,26570,1.9,1013,12.4,25557,1.8
2352,153459,0.4,4733,3.4,148725,0.4
2353,4749,8.3,721,10.6,4028,8.8
2354,9109,3.0,5877,3.0,3232,5.8
2355,243123,0.4,15291,2.0,227832,0.4
2356,11370,3.6,939,8.2,10431,3.6
2357,2643,4.1,267,20.5,2376,3.8
2358,8538,4.4,642,10.9,7896,4.4
2359,189,26.8,30,37.3,159,29.7
2360,32659,2.1,2089,4.9,30570,2.3
2361,199626,0.6,11058,2.8,188568,0.6
2362,10838,3.6,2145,6.0,8694,3.6
2363,152393,0.8,10882,2.7,141511,0.8
2364,7493,4.1,262,23.2,7231,4.1
2365,2778,4.8,79,28.6,2699,5.0
2366,295645,0.7,54557,1.0,241089,0.7
2367,27392,1.1,954,7.1,26438,1.0
2368,2868,7.2,246,18.0,2622,7.1
2369,22338,1.8,3155,3.6,19183,1.8
2370,557,4.3,48,37.4,509,4.5
2371,1287,9.6,172,21.8,1115,10.7
2372,377663,0.5,61946,0.8,315717,0.5
2373,10426,2.8,9457,2.4,969,12.5
2374,289787,0.7,54006,1.1,235781,0.7
2375,83058,0.9,8518,4.4,74539,1.0
2376,185234,0.7,38397,1.3,146837,0.8
2377,21496,3.2,7091,4.4,14405,4.7
2378,377663,0.5,61946,0.8,315717,0.5
2379,10426,2.8,9457,2.4,969,12.5
2380,388089,0.5,71404,0.8,316686,0.5
2381,114484,0.6,9964,3.4,104520,0.7
2382,319248,0.6,56825,1.0,262424,0.6
2383,93058,0.8,9066,3.7,83992,0.9
2384,202240,0.7,40167,1.4,162073,0.7
2385,23951,2.8,7592,3.8,16359,4.0
2386,30315,1.4,2312,7.0,28002,1.2
2387,10891,2.5,462,12.6,10429,2.5
2388,18275,1.1,1592,6.1,16683,0.9
2389,1148,17.3,258,20.1,890,18.8
2390,235222,0.6,43611,1.2,191611,0.7
2391,27957,2.6,8371,3.1,19586,3.8
2392,377663,0.5,61946,0.8,315717,0.5
2393,10426,2.8,9457,2.4,969,12.5
2394,28459,1.0,976,7.0,27484,0.9
2395,12405,1.2,212,14.9,12193,1.0
2396,15469,2.2,711,7.6,14758,1.9
2397,585,14.3,53,33.3,532,13.6
2398,3457,6.4,286,16.1,3171,6.5
2399,22294,1.9,1885,8.2,20409,1.9
2400,1058,8.2,21,24.6,1037,8.0
2401,574,11.5,39,41.6,534,10.0
2402,610,10.3,43,44.9,567,9.2
2403,64,8.9,0,0.0,64,8.5
2404,7389,5.2,401,14.8,6988,5.1
2405,13713,2.3,813,12.1,12900,2.5
2406,4941,3.2,153,28.3,4787,3.0
2407,8249,2.7,561,9.9,7688,2.9
2408,523,18.9,99,45.0,424,19.4
2409,1256,7.4,95,19.0,1161,7.7
2410,2156,8.7,186,21.8,1970,8.9
2411,45,46.1,5,62.1,40,50.6
2412,23031,1.8,3207,3.7,19824,1.8
2413,2824,5.4,145,19.8,2679,4.9
2414,1142,6.4,20,27.5,1122,6.3
2415,1679,5.7,122,24.0,1556,4.7
2416,4,0.0,3,0.0,1,0.0
2417,2635,6.9,267,6.4,2367,7.4
2418,883,13.2,35,42.2,848,12.8
2419,7539,2.8,677,10.8,6862,2.5
2420,13878,3.5,2239,5.7,11639,3.6
2421,1613,8.8,291,9.5,1323,8.9
2422,4882,5.8,955,6.8,3928,6.4
2423,1330,5.6,166,22.6,1163,5.7
2424,3129,7.7,708,8.7,2421,8.9
2425,423,15.8,81,24.1,343,18.0
2426,1629,10.9,456,13.4,1173,13.8
2427,41,42.9,9,62.3,32,42.9
2428,346,21.2,169,16.5,178,31.5
2429,1241,10.6,277,16.3,964,12.7
2430,6826,4.3,948,4.8,5877,4.8
2431,2292,8.4,189,22.6,2104,7.9
2432,4136,4.0,682,5.3,3454,4.7
2433,397,16.7,78,19.7,320,18.8
2434,2892,5.8,108,24.4,2784,5.5
2435,1309,10.3,383,13.3,926,11.9
2436,9,67.9,1,0.0,8,72.4
2437,15,123.7,0,0.0,15,117.9
2438,83,67.7,9,57.6,74,74.5
2439,5,112.5,5,117.0,0,0.0
2440,0,0.0,0,0.0,0,0.0
2441,345719,0.6,59178,0.9,286541,0.6
2442,103551,0.7,9492,3.8,94059,0.7
2443,216601,0.7,41850,1.2,174750,0.7
2444,25568,2.8,7836,3.8,17732,4.3
2445,1070,9.5,25,32.8,1045,9.6
2446,1599,8.4,70,28.4,1528,8.0
2447,223,35.0,13,59.2,210,34.5
2448,2341,6.4,330,18.1,2010,6.7
2449,789,9.4,50,20.6,739,10.0
2450,1529,9.0,267,20.0,1262,8.9
2451,22,34.7,13,40.4,10,74.3
2452,1671,5.5,200,9.0,1471,6.2
2453,80,44.4,32,26.8,48,77.5
2454,10864,2.0,1058,9.3,9806,1.9
2455,3920,3.3,254,14.0,3667,3.8
2456,6641,3.5,698,10.8,5943,3.3
2457,303,22.0,106,21.6,196,33.9
2458,2192,6.2,489,7.4,1703,7.2
2459,931,14.6,159,27.5,772,14.9
2460,1151,6.4,282,9.2,869,7.6
2461,110,35.1,48,29.3,62,56.3
2462,1835,7.3,177,19.5,1658,7.7
2463,645,14.3,70,32.6,575,15.4
2464,1107,8.2,94,23.2,1013,8.9
2465,84,51.1,14,78.2,70,59.8
2466,2314,5.4,174,13.0,2139,5.2
2467,731,6.0,36,30.5,696,6.6
2468,1500,7.3,127,15.2,1374,6.7
2469,82,38.4,12,56.2,70,43.8
2470,626,3.7,54,32.3,572,4.5
2471,255,7.3,11,90.3,244,6.9
2472,358,5.1,37,28.6,321,5.4
2473,13,58.6,5,117.0,7,53.7
2474,338,8.1,34,48.4,304,8.9
2475,127,12.9,11,90.3,116,11.9
2476,206,10.9,22,42.5,184,12.0
2477,5,78.2,0,0.0,5,74.5
2478,84,8.8,1,0.0,83,8.5
2479,44,15.7,0,0.0,44,14.9
2480,39,11.7,1,0.0,38,11.5
2481,0,0.0,0,0.0,0,0.0
2482,59,11.8,1,0.0,58,11.4
2483,30,23.0,0,0.0,30,21.9
2484,29,0.0,1,0.0,28,0.0
2485,0,0.0,0,0.0,0,0.0
2486,153,9.9,13,35.0,140,9.1
2487,60,9.5,0,0.0,60,9.0
2488,92,16.9,13,35.0,79,16.6
2489,1,0.0,0,0.0,1,0.0
2490,8676,4.8,572,13.4,8104,5.0
2491,3050,8.3,66,20.7,2985,7.9
2492,5421,4.4,449,15.6,4972,4.7
2493,205,39.7,57,22.7,147,53.7
2494,83915,1.0,6931,3.7,76983,0.9
2495,31334,1.0,1434,8.8,29899,0.9
2496,49016,1.3,4859,3.1,44157,1.4
2497,3565,6.2,638,7.1,2927,6.7
2498,3961,8.7,1009,9.5,2953,11.4
2499,92,33.7,11,53.6,81,34.3
2500,973,14.1,355,11.2,617,19.9
2501,2896,8.1,642,13.9,2254,11.0
2502,5253,2.8,1051,12.5,4202,3.3
2503,1888,8.1,304,20.5,1584,9.6
2504,3104,5.2,718,12.6,2385,5.9
2505,262,38.6,29,43.3,233,42.1
2506,4034,5.2,573,15.5,3461,6.6
2507,1618,11.9,267,29.4,1351,13.6
2508,2106,9.7,210,21.9,1895,11.0
2509,311,32.1,95,50.0,216,41.7
2510,3753,8.9,393,16.9,3360,9.5
2511,1263,15.6,42,58.6,1221,15.2
2512,2380,10.3,347,15.1,2033,12.1
2513,110,38.0,4,0.0,106,37.6
2514,1227,7.5,127,27.9,1100,7.1
2515,551,10.4,14,66.8,537,9.6
2516,633,13.7,103,34.8,531,12.9
2517,42,87.2,11,36.6,32,104.7
2518,960514,0.2,232757,0.3,727756,0.2
2519,217763,0.9,34255,1.8,183508,1.1
2520,624928,0.4,156279,0.6,468649,0.6
2521,640,11.3,70,38.8,570,8.9
2522,312,13.8,3,0.0,309,13.3
2523,323,19.1,64,43.9,259,15.9
2524,5,54.5,4,73.2,1,63.9
2525,78051,1.2,21844,2.7,56206,1.5
2526,920742,0.2,212378,0.4,708363,0.2
2527,39772,2.0,20379,2.3,19393,3.4
2528,129,20.1,16,59.3,113,17.4
2529,73,31.7,11,85.8,62,27.2
2530,55,25.4,5,68.3,49,27.6
2531,1,67.1,0,0.0,1,63.9
2532,170,36.9,26,61.3,144,40.7
2533,27,22.7,0,0.0,27,21.7
2534,136,46.9,19,72.7,118,50.3
2535,14433,2.1,1759,6.7,12674,2.3
2536,6097,3.8,483,20.0,5613,4.4
2537,7898,5.4,1044,12.3,6853,6.3
2538,439,16.6,232,22.6,207,31.0
2539,237,47.8,76,36.8,160,58.6
2540,1596,12.4,529,20.4,1067,15.7
2541,4830,5.5,1194,8.0,3635,7.5
2542,762018,0.2,188969,0.5,573049,0.2
2543,7,41.9,7,43.6,0,0.0
2544,320,16.1,18,69.7,301,15.7
2545,145,27.1,0,0.0,145,25.8
2546,146,18.3,18,69.7,128,16.0
2547,28,125.6,0,0.0,28,119.8
2548,152062,0.5,21609,2.0,130452,0.6
2549,62111,1.4,5787,5.6,56324,1.3
2550,82457,1.5,13951,2.4,68505,1.6
2551,7494,5.6,1871,6.1,5623,7.1
2552,6662,6.0,1800,10.9,4862,7.4
2553,814736,0.2,198364,0.4,616373,0.2
2554,175070,1.1,30722,2.1,144348,1.4
2555,569360,0.3,147423,0.8,421937,0.5
2556,70306,1.3,20219,2.7,50088,1.3
2557,43649,1.2,4295,5.6,39353,1.1
2558,20596,1.5,1235,7.2,19361,1.5
2559,22063,2.1,2923,7.5,19140,1.9
2560,990,11.4,137,22.4,853,12.4
2561,6199,4.3,1225,8.9,4974,5.9
2562,2032,11.4,254,19.5,1778,11.2
2563,4045,7.9,952,12.0,3093,8.6
2564,121,42.4,19,35.2,103,49.3
2565,48148,1.6,7634,2.9,40514,2.1
2566,17291,3.3,1864,11.9,15427,3.6
2567,27201,2.5,4913,3.2,22288,2.8
2568,3656,8.7,857,12.0,2799,12.9
2569,8425,7.5,1838,8.0,6587,7.9
2570,1857,13.9,256,14.1,1602,15.1
2571,5654,5.8,1301,6.8,4352,7.0
2572,913,20.5,280,30.1,633,22.6
2573,16868,2.8,2662,10.7,14207,2.6
2574,6586,4.4,753,18.7,5832,5.4
2575,8969,5.6,1584,13.8,7386,5.4
2576,1313,20.8,325,26.1,989,24.1
2577,6752,6.7,528,9.4,6224,6.6
2578,3340,5.7,218,18.6,3121,6.0
2579,2849,10.8,250,24.0,2599,11.1
2580,563,29.7,60,46.9,503,32.2
2581,3824,7.9,775,15.4,3050,8.9
2582,1131,16.6,80,40.3,1051,17.8
2583,2641,8.3,661,17.2,1980,9.7
2584,52,25.0,34,35.0,18,46.2
2585,27626360,0.1,5424458,0.1,22201902,0.1
2586,9878397,0.1,1035655,0.2,8842742,0.1
2587,14844597,0.1,3335572,0.1,11509025,0.1
2588,2456386,0.4,764977,0.5,1691409,0.5
2589,27179380,0.1,5136203,0.1,22043177,0.1
2590,446980,0.5,288255,0.4,158725,1.3
2591,528702,0.6,139016,1.2,389685,0.8
2592,206842,1.0,38354,3.0,168487,1.2
2593,272236,1.0,82012,1.5,190224,1.6
2594,49624,2.9,18650,3.2,30974,4.6
2595,193336,0.9,24548,2.5,168788,1.1
2596,98849,1.1,10882,3.3,87967,1.3
2597,81563,2.3,10295,5.4,71268,2.5
2598,12925,3.9,3371,7.5,9553,4.7
2599,119163,1.0,23906,3.1,95257,1.2
2600,52766,1.1,5555,9.2,47211,1.7
2601,61822,1.2,16328,3.0,45494,1.2
2602,4575,7.2,2023,8.9,2551,14.0
2603,21539858,0.1,4438062,0.1,17101796,0.1
2604,7159034,0.1,855200,0.3,6303834,0.1
2605,12280591,0.1,2933198,0.1,9347392,0.1
2606,2100233,0.4,649664,0.6,1450569,0.6
2607,2584403,0.1,109137,1.2,2475266,0.1
2608,1521494,0.1,38609,1.9,1482886,0.1
2609,1014767,0.3,60439,1.5,954328,0.3
2610,48141,1.6,10089,3.0,38052,2.3
2611,272919,0.5,26179,2.3,246740,0.4
2612,131064,0.9,7759,3.6,123305,0.8
2613,137612,0.9,17557,2.8,120055,1.0
2614,4243,6.0,863,8.7,3381,6.9
2615,1917902,0.2,481026,0.4,1436876,0.3
2616,749197,0.5,126328,1.0,622869,0.5
2617,996606,0.3,283538,0.5,713068,0.4
2618,172098,1.6,71159,1.1,100939,2.5
2619,377486,0.7,137720,0.9,239766,1.2
2620,93694,1.3,25898,2.9,67796,2.3
2621,239849,1.0,89785,0.8,150064,1.7
2622,43942,2.6,22036,1.8,21906,4.8
2623,224891,1.0,81902,0.9,142989,1.7
2624,90326,1.1,24496,3.3,65830,1.6
2625,112581,1.4,45349,1.2,67232,2.1
2626,21984,3.8,12057,3.5,9927,6.9
2627,310864,1.1,37015,1.9,273849,1.1
2628,158958,1.2,13472,3.6,145485,1.1
2629,131371,1.4,17391,2.3,113981,1.5
2630,20535,5.1,6153,3.7,14383,6.8
2631,194061,0.8,38454,1.6,155606,1.2
2632,65337,2.0,8933,4.6,56405,2.1
2633,117406,1.3,24600,1.9,92807,1.9
2634,11317,5.3,4922,5.1,6395,7.9
2635,1174340,0.4,79366,1.5,1094974,0.4
2636,535176,0.4,16653,3.0,518523,0.4
2637,606150,0.5,54164,2.5,551986,0.6
2638,33014,3.0,8549,4.7,24465,3.8
2639,54749,1.8,4706,5.3,50043,1.7
2640,24982,1.8,1467,9.2,23516,2.0
2641,28329,3.3,2977,6.5,25352,3.2
2642,1438,9.9,262,22.6,1176,9.1
2643,25774,2.3,2753,6.4,23021,2.1
2644,11977,2.6,954,9.6,11023,2.4
2645,13199,4.7,1681,7.1,11518,4.8
2646,598,27.2,118,41.8,480,24.6
2647,6559,4.4,441,26.1,6118,4.4
2648,3060,9.0,145,32.6,2916,9.2
2649,3467,6.1,290,29.6,3177,5.5
2650,31,32.7,6,68.3,25,37.7
2651,5892,7.0,348,20.3,5544,6.4
2652,2666,7.6,71,36.7,2594,7.3
2653,3122,10.0,240,20.5,2882,9.3
2654,104,43.5,36,61.2,67,58.0
2655,17937,2.1,1257,7.1,16680,2.0
2656,8065,3.3,332,24.5,7733,3.4
2657,9307,3.7,838,10.6,8469,3.4
2658,564,8.9,86,43.9,478,13.0
2659,7952386,0.1,908800,0.5,7043587,0.1
2660,3777279,0.2,238726,0.7,3538554,0.2
2661,3802106,0.2,551984,0.6,3250122,0.2
2662,373001,0.6,118090,1.6,254911,1.1
2663,239076,1.0,70721,1.5,168355,1.0
2664,9402,5.0,3414,4.9,5987,5.6
2665,41984,3.3,17625,2.2,24359,4.6
2666,187691,0.9,49681,1.7,138009,0.9
2667,18987918,0.1,4156683,0.2,14831235,0.1
2668,6091716,0.1,793515,0.3,5298201,0.1
2669,11000508,0.1,2765963,0.2,8234545,0.2
2670,1895694,0.5,597205,0.6,1298488,0.6
2671,27179380,0.1,5136203,0.1,22043177,0.1
2672,446980,0.5,288255,0.4,158725,1.3
2673,281982,0.9,32037,2.3,249945,0.8
2674,110061,1.1,7808,3.3,102253,1.1
2675,160155,1.3,20664,3.7,139491,1.0
2676,11767,4.9,3565,10.4,8202,6.2
2677,3305873,0.1,287501,0.8,3018371,0.1
2678,1469991,0.3,67079,1.2,1402912,0.3
2679,1702559,0.3,188130,0.8,1514429,0.3
2680,133322,1.9,32293,3.3,101030,2.5
2681,2167608,0.2,216314,1.1,1951294,0.1
2682,112211,0.9,4127,4.9,108084,1.0
2683,53225,1.5,2325,8.3,50900,1.3
2684,31219,3.9,4121,6.2,27098,4.0
2685,8998,5.5,303,19.0,8695,5.3
2686,1090272,0.4,67019,1.2,1023253,0.4
2687,1624617,0.2,141764,1.1,1482854,0.2
2688,694113,0.4,29640,1.6,664473,0.4
2689,866495,0.4,96720,1.0,769775,0.4
2690,64010,2.1,15404,3.4,48606,3.0
2691,258221,0.7,17715,3.5,240505,0.7
2692,136864,1.1,5728,6.1,131136,1.0
2693,118060,1.5,11077,3.3,106983,1.5
2694,3296,9.9,911,16.8,2386,13.6
2695,1121879,0.4,90976,1.1,1030904,0.3
2696,527999,0.3,23701,2.2,504298,0.3
2697,554595,0.6,58283,1.6,496312,0.6
2698,39286,2.3,8992,4.2,30294,2.8
2699,130326,1.2,39112,1.6,91214,1.4
2700,5541,4.2,1671,8.3,3870,5.7
2701,21167,3.9,9136,3.7,12031,5.6
2702,103619,1.3,28305,1.8,75313,1.4
2703,93991,1.5,28543,2.7,65448,1.8
2704,1049,16.1,134,31.2,915,17.1
2705,156,21.1,49,38.0,108,21.9
2706,1134,21.2,395,16.2,739,27.6
2707,102,31.6,18,59.1,84,38.0
2708,336,26.8,100,27.3,236,34.7
2709,23743181,0.1,4809590,0.1,18933591,0.1
2710,8402865,0.1,966905,0.2,7435961,0.1
2711,13120871,0.1,3138306,0.1,9982565,0.1
2712,2219445,0.4,704379,0.5,1515066,0.5
2713,19278260,0.1,4193205,0.2,15085055,0.1
2714,2471143,0.1,104876,1.2,2366267,0.1
2715,219538,0.8,23805,2.6,195733,0.7
2716,1885549,0.2,476510,0.4,1409039,0.3
2717,45649,1.8,4385,5.2,41264,1.7
2718,83732,0.7,12247,5.5,71485,0.8
2719,27179380,0.1,5136203,0.1,22043177,0.1
2720,446980,0.5,288255,0.4,158725,1.3
2721,255866,0.2,20890,0.7,234976,0.2
2722,37021,2.5,2297,7.9,34724,2.7
2723,186215,0.6,13332,1.6,172884,0.6
2724,30758,2.3,4315,4.5,26443,2.6
2725,253994,0.3,19944,0.7,234050,0.3
2726,1872,11.2,946,4.9,926,18.7
2727,443,17.6,13,81.0,430,17.1
2728,20,41.5,7,41.0,14,47.0
2729,445,21.0,15,55.9,429,19.7
2730,80,38.7,0,0.0,80,36.9
2731,365,23.3,15,55.9,350,21.9
2732,0,0.0,0,0.0,0,0.0
2733,630,15.2,18,44.0,612,14.8
2734,85,25.7,2,0.0,83,25.1
2735,540,18.4,14,42.8,527,17.9
2736,5,56.6,3,104.2,2,0.0
2737,231211,0.4,19292,0.8,211919,0.3
2738,32246,2.6,2219,8.2,30027,2.8
2739,169974,0.7,12905,1.7,157068,0.7
2740,28992,1.8,4168,4.8,24824,2.2
2741,5465,1.9,126,8.3,5339,1.7
2742,1355,5.4,15,57.3,1340,5.2
2743,3941,3.5,100,17.1,3841,3.4
2744,170,28.3,11,73.3,158,28.4
2745,6998,2.9,250,20.4,6748,2.7
2746,1272,8.4,49,52.6,1222,9.4
2747,5567,3.1,192,27.8,5375,2.6
2748,160,46.3,9,105.2,151,47.7
2749,6385,2.1,129,18.2,6255,2.1
2750,1392,11.1,18,68.3,1375,10.8
2751,4596,5.2,77,25.3,4518,4.9
2752,397,25.1,34,29.4,362,26.4
2753,392,23.4,13,48.1,379,23.8
2754,47,16.9,0,0.0,47,16.1
2755,336,25.1,13,48.1,322,25.8
2756,9,120.4,0,0.0,9,114.8
2757,616,11.0,21,50.8,596,11.1
2758,153,26.4,1,0.0,152,25.3
2759,448,12.7,30,51.2,418,11.7
2760,206,31.2,11,113.5,196,31.4
2761,192,23.1,19,59.1,173,23.3
2762,49,61.5,0,0.0,49,58.6
2763,3447,5.5,32,32.0,3415,5.2
2764,644,14.4,4,48.2,640,13.7
2765,2526,8.3,3,49.2,2523,7.9
2766,277,20.9,25,39.1,252,21.9
2767,121,14.7,0,0.0,121,14.0
2768,37,0.0,0,0.0,37,0.0
2769,84,21.2,0,0.0,84,20.2
2770,0,0.0,0,0.0,0,0.0
2771,6029,5.7,221,21.8,5808,6.0
2772,1383,9.7,24,56.6,1359,9.6
2773,4338,7.6,161,23.0,4178,7.8
2774,307,32.3,37,39.7,271,34.7
2775,36552,0.9,1140,6.7,35412,1.0
2776,616,13.9,0,0.0,616,13.3
2777,196,22.8,0,0.0,196,21.7
2778,409,17.1,0,0.0,409,16.3
2779,12,75.2,0,0.0,12,71.7
2780,632,8.5,1,0.0,631,8.1
2781,96,13.1,1,0.0,95,12.6
2782,536,8.8,0,0.0,536,8.4
2783,0,0.0,0,0.0,0,0.0
2784,428,10.7,1,0.0,427,10.3
2785,53,23.7,1,0.0,52,23.0
2786,375,11.0,0,0.0,375,10.5
2787,0,0.0,0,0.0,0,0.0
2788,46,54.2,0,0.0,46,51.6
2789,6,0.0,0,0.0,6,0.0
2790,40,62.3,0,0.0,40,59.4
2791,0,0.0,0,0.0,0,0.0
2792,42,27.2,0,0.0,42,25.9
2793,2,0.0,0,0.0,2,0.0
2794,40,28.6,0,0.0,40,27.2
2795,0,0.0,0,0.0,0,0.0
2796,584,10.2,6,59.1,577,10.0
2797,191,39.1,0,0.0,191,37.2
2798,390,13.6,3,73.2,386,12.8
2799,3,104.0,3,108.2,0,0.0
2800,1485,7.5,18,66.1,1467,7.0
2801,90,33.3,12,99.7,78,35.4
2802,1171,10.3,6,72.1,1165,9.6
2803,223,50.1,0,0.0,223,47.8
2804,2772,8.9,73,18.5,2699,8.9
2805,801,6.5,4,116.1,797,6.0
2806,1905,12.1,40,24.1,1865,11.9
2807,66,62.9,29,22.7,38,112.0
2808,8375,3.5,145,23.9,8231,3.6
2809,26242,1.9,857,6.8,25385,1.8
2810,1935,14.0,139,14.9,1796,14.2
2811,1870,9.9,161,23.7,1709,10.1
2812,23,124.7,0,0.0,23,118.9
2813,208,42.3,18,63.2,189,41.1
2814,1639,11.4,142,27.1,1496,11.4
2815,215572,0.3,18643,0.9,196929,0.3
2816,28622,2.5,2152,8.8,26470,2.7
2817,159766,0.6,12457,1.7,147309,0.7
2818,27184,1.8,4034,5.4,23150,2.2
2819,253994,0.3,19944,0.7,234050,0.3
2820,1872,11.2,946,4.9,926,18.7
2821,17590,1.2,631,12.9,16959,1.3
2822,4433,5.2,62,24.7,4370,5.1
2823,12059,2.7,493,13.9,11566,2.7
2824,1099,20.9,76,22.1,1023,21.8
2825,12016,2.8,415,14.4,11601,2.6
2826,264,17.7,8,76.3,256,16.4
2827,300,12.7,4,0.0,296,12.3
2828,76,16.0,0,0.0,76,15.3
2829,63,35.1,0,0.0,63,33.4
2830,5558,5.7,213,21.2,5345,5.9
2831,12701,2.8,534,13.9,12167,2.8
2832,3351,6.2,46,28.0,3305,5.9
2833,8593,3.3,443,16.2,8149,3.3
2834,757,18.3,44,28.6,713,18.7
2835,956,23.5,74,18.4,882,23.9
2836,24,119.6,1,0.0,23,118.9
2837,40,96.9,7,63.9,33,99.4
2838,892,25.1,66,21.9,826,25.5
2839,728,17.3,62,22.8,665,17.4
2840,0,0.0,0,0.0,0,0.0
2841,11,121.8,0,0.0,11,116.1
2842,0,0.0,0,0.0,0,0.0
2843,0,0.0,0,0.0,0,0.0
2844,1,0.0,1,0.0,0,0.0
2845,235448,0.3,19239,0.9,216209,0.3
2846,32564,2.6,2234,8.3,30330,2.8
2847,174117,0.6,12832,1.5,161284,0.6
2848,28767,2.1,4173,4.9,24594,2.5
2849,218468,0.4,18815,1.0,199653,0.4
2850,5201,1.7,118,8.5,5083,1.5
2851,6688,3.2,246,20.7,6442,3.0
2852,6309,2.0,129,18.2,6180,2.1
2853,568,8.2,1,0.0,567,7.8
2854,470,16.5,7,62.1,463,16.2
2855,253994,0.3,19944,0.7,234050,0.3
2856,1872,11.2,946,4.9,926,18.7
